0	{"droneId":"drone_104","type":"MISSION_COMPLETE","lat":28.668262,"lon":77.221193,"battery":15,"ts":1781258901657}
1	{"droneId":"drone_101","type":"BATTERY_LOW","lat":28.606346,"lon":77.206287,"battery":80,"ts":1781258901719}
2	{"droneId":"drone_102","type":"MISSION_COMPLETE","lat":28.630053,"lon":77.289587,"battery":15,"ts":1781258901781}
3	{"droneId":"drone_102","type":"GEOFENCE_BREACH","lat":28.617149,"lon":77.237444,"battery":14,"ts":1781258901842}
4	{"droneId":"drone_102","type":"MISSION_COMPLETE","lat":28.608037,"lon":77.248509,"battery":9,"ts":1781258901903}
5	{"droneId":"drone_101","type":"ALTITUDE_HOLD","lat":28.68354,"lon":77.256464,"battery":68,"ts":1781258901965}
6	{"droneId":"drone_104","type":"ALTITUDE_HOLD","lat":28.668601,"lon":77.207187,"battery":9,"ts":1781258902027}
7	{"droneId":"drone_102","type":"GEOFENCE_BREACH","lat":28.605646,"lon":77.224272,"battery":21,"ts":1781258902089}
8	{"droneId":"drone_101","type":"MISSION_STARTED","lat":28.676787,"lon":77.23222,"battery":66,"ts":1781258902151}
9	{"droneId":"drone_103","type":"MISSION_COMPLETE","lat":28.620611,"lon":77.268339,"battery":56,"ts":1781258902214}
10	{"droneId":"drone_101","type":"GEOFENCE_BREACH","lat":28.661887,"lon":77.260437,"battery":61,"ts":1781258902278}
11	{"droneId":"drone_103","type":"GPS_LOCK","lat":28.69783,"lon":77.221205,"battery":63,"ts":1781258902340}
12	{"droneId":"drone_102","type":"GEOFENCE_BREACH","lat":28.652279,"lon":77.276959,"battery":16,"ts":1781258902402}
13	{"droneId":"drone_103","type":"RTL_ENGAGED","lat":28.697514,"lon":77.232384,"battery":45,"ts":1781258902465}
14	{"droneId":"drone_102","type":"GPS_LOCK","lat":28.656015,"lon":77.204557,"battery":67,"ts":1781258902527}
15	{"droneId":"drone_102","type":"RTL_ENGAGED","lat":28.649259,"lon":77.287151,"battery":90,"ts":1781258902589}
16	{"droneId":"drone_104","type":"ALTITUDE_HOLD","lat":28.646013,"lon":77.266734,"battery":95,"ts":1781258902650}
17	{"droneId":"drone_102","type":"GPS_LOCK","lat":28.668601,"lon":77.270747,"battery":86,"ts":1781258902713}
18	{"droneId":"drone_101","type":"RTL_ENGAGED","lat":28.619014,"lon":77.280414,"battery":55,"ts":1781258902775}
19	{"droneId":"drone_104","type":"MISSION_COMPLETE","lat":28.67058,"lon":77.268847,"battery":49,"ts":1781258902838}
20	{"droneId":"drone_102","type":"GPS_LOCK","lat":28.654601,"lon":77.256518,"battery":67,"ts":1781258902899}
21	{"droneId":"drone_102","type":"ALTITUDE_HOLD","lat":28.608019,"lon":77.219328,"battery":96,"ts":1781258902961}
22	{"droneId":"drone_104","type":"GEOFENCE_BREACH","lat":28.629358,"lon":77.284471,"battery":59,"ts":1781258903024}
23	{"droneId":"drone_103","type":"GPS_LOCK","lat":28.613852,"lon":77.274703,"battery":70,"ts":1781258903086}
24	{"droneId":"drone_103","type":"BATTERY_LOW","lat":28.627858,"lon":77.253195,"battery":73,"ts":1781258903147}
25	{"droneId":"drone_102","type":"RTL_ENGAGED","lat":28.697248,"lon":77.280086,"battery":96,"ts":1781258903209}
26	{"droneId":"drone_102","type":"ALTITUDE_HOLD","lat":28.627335,"lon":77.294493,"battery":46,"ts":1781258903270}
27	{"droneId":"drone_102","type":"RTL_ENGAGED","lat":28.656861,"lon":77.271086,"battery":26,"ts":1781258903333}
28	{"droneId":"drone_103","type":"RTL_ENGAGED","lat":28.688688,"lon":77.298443,"battery":80,"ts":1781258903393}
29	{"droneId":"drone_102","type":"GEOFENCE_BREACH","lat":28.626514,"lon":77.235696,"battery":50,"ts":1781258903454}
30	{"droneId":"drone_104","type":"GPS_LOCK","lat":28.69593,"lon":77.21676,"battery":27,"ts":1781258903516}
31	{"droneId":"drone_102","type":"MISSION_STARTED","lat":28.639312,"lon":77.223023,"battery":7,"ts":1781258903578}
32	{"droneId":"drone_102","type":"BATTERY_LOW","lat":28.66219,"lon":77.263914,"battery":9,"ts":1781258903641}
33	{"droneId":"drone_102","type":"GPS_LOCK","lat":28.614374,"lon":77.206366,"battery":10,"ts":1781258903701}
34	{"droneId":"drone_102","type":"RTL_ENGAGED","lat":28.69717,"lon":77.215362,"battery":97,"ts":1781258903764}
35	{"droneId":"drone_103","type":"BATTERY_LOW","lat":28.660162,"lon":77.285154,"battery":52,"ts":1781258903827}
36	{"droneId":"drone_101","type":"ALTITUDE_HOLD","lat":28.643207,"lon":77.297304,"battery":82,"ts":1781258903889}
37	{"droneId":"drone_103","type":"GPS_LOCK","lat":28.661912,"lon":77.282426,"battery":3,"ts":1781258903950}
38	{"droneId":"drone_102","type":"ALTITUDE_HOLD","lat":28.665071,"lon":77.242309,"battery":78,"ts":1781258904014}
39	{"droneId":"drone_101","type":"MISSION_STARTED","lat":28.646215,"lon":77.210602,"battery":53,"ts":1781258904075}
40	{"droneId":"drone_103","type":"GEOFENCE_BREACH","lat":28.674504,"lon":77.262512,"battery":61,"ts":1781258904137}
41	{"droneId":"drone_103","type":"RTL_ENGAGED","lat":28.646977,"lon":77.259023,"battery":17,"ts":1781258904199}
42	{"droneId":"drone_104","type":"GPS_LOCK","lat":28.666881,"lon":77.214999,"battery":45,"ts":1781258904262}
43	{"droneId":"drone_104","type":"RTL_ENGAGED","lat":28.60513,"lon":77.292958,"battery":7,"ts":1781258904324}
44	{"droneId":"drone_104","type":"BATTERY_LOW","lat":28.607751,"lon":77.293712,"battery":83,"ts":1781258904386}
45	{"droneId":"drone_104","type":"MISSION_STARTED","lat":28.668545,"lon":77.228735,"battery":0,"ts":1781258904447}
46	{"droneId":"drone_101","type":"MISSION_COMPLETE","lat":28.604392,"lon":77.27542,"battery":3,"ts":1781258904509}
47	{"droneId":"drone_101","type":"BATTERY_LOW","lat":28.668196,"lon":77.21508,"battery":51,"ts":1781258904571}
48	{"droneId":"drone_103","type":"GPS_LOCK","lat":28.696195,"lon":77.29876,"battery":97,"ts":1781258904633}
49	{"droneId":"drone_101","type":"BATTERY_LOW","lat":28.62247,"lon":77.265599,"battery":33,"ts":1781258904695}
50	{"droneId":"drone_104","type":"GEOFENCE_BREACH","lat":28.600714,"lon":77.249146,"battery":85,"ts":1781258904757}
51	{"droneId":"drone_103","type":"ALTITUDE_HOLD","lat":28.613786,"lon":77.239195,"battery":94,"ts":1781258904820}
52	{"droneId":"drone_101","type":"REACHED_WAYPOINT","lat":28.601273,"lon":77.256106,"battery":90,"ts":1781258904882}
53	{"droneId":"drone_103","type":"BATTERY_LOW","lat":28.662235,"lon":77.238309,"battery":13,"ts":1781258904944}
54	{"droneId":"drone_101","type":"ALTITUDE_HOLD","lat":28.685039,"lon":77.299573,"battery":73,"ts":1781258905007}
55	{"droneId":"drone_101","type":"RTL_ENGAGED","lat":28.643838,"lon":77.268234,"battery":34,"ts":1781258905069}
56	{"droneId":"drone_103","type":"ALTITUDE_HOLD","lat":28.664496,"lon":77.270483,"battery":90,"ts":1781258905132}
57	{"droneId":"drone_103","type":"ALTITUDE_HOLD","lat":28.680021,"lon":77.283528,"battery":81,"ts":1781258905195}
58	{"droneId":"drone_102","type":"MISSION_STARTED","lat":28.664614,"lon":77.280496,"battery":96,"ts":1781258905257}
59	{"droneId":"drone_103","type":"GEOFENCE_BREACH","lat":28.672478,"lon":77.213035,"battery":61,"ts":1781258905319}
60	{"droneId":"drone_102","type":"RTL_ENGAGED","lat":28.676798,"lon":77.224239,"battery":52,"ts":1781258905383}
61	{"droneId":"drone_101","type":"RTL_ENGAGED","lat":28.651592,"lon":77.256898,"battery":85,"ts":1781258905445}
62	{"droneId":"drone_101","type":"ALTITUDE_HOLD","lat":28.665695,"lon":77.205889,"battery":37,"ts":1781258905507}
63	{"droneId":"drone_103","type":"MISSION_STARTED","lat":28.664402,"lon":77.228939,"battery":71,"ts":1781258905568}
64	{"droneId":"drone_103","type":"GEOFENCE_BREACH","lat":28.690734,"lon":77.220257,"battery":38,"ts":1781258905632}
65	{"droneId":"drone_104","type":"MISSION_COMPLETE","lat":28.639841,"lon":77.289359,"battery":32,"ts":1781258905692}
66	{"droneId":"drone_101","type":"REACHED_WAYPOINT","lat":28.606825,"lon":77.215226,"battery":49,"ts":1781258905754}
67	{"droneId":"drone_102","type":"MISSION_COMPLETE","lat":28.682998,"lon":77.259509,"battery":91,"ts":1781258905817}
68	{"droneId":"drone_103","type":"MISSION_COMPLETE","lat":28.652537,"lon":77.203999,"battery":34,"ts":1781258905879}
69	{"droneId":"drone_104","type":"REACHED_WAYPOINT","lat":28.696647,"lon":77.210922,"battery":68,"ts":1781258905941}
70	{"droneId":"drone_102","type":"MISSION_STARTED","lat":28.689316,"lon":77.249798,"battery":99,"ts":1781258906002}
71	{"droneId":"drone_101","type":"BATTERY_LOW","lat":28.694778,"lon":77.256234,"battery":93,"ts":1781258906065}
72	{"droneId":"drone_104","type":"GEOFENCE_BREACH","lat":28.680686,"lon":77.216049,"battery":2,"ts":1781258906127}
73	{"droneId":"drone_103","type":"ALTITUDE_HOLD","lat":28.628783,"lon":77.28905,"battery":67,"ts":1781258906189}
74	{"droneId":"drone_103","type":"BATTERY_LOW","lat":28.664845,"lon":77.258324,"battery":2,"ts":1781258906250}
75	{"droneId":"drone_102","type":"ALTITUDE_HOLD","lat":28.632659,"lon":77.29368,"battery":28,"ts":1781258906312}
76	{"droneId":"drone_101","type":"GEOFENCE_BREACH","lat":28.608741,"lon":77.266872,"battery":43,"ts":1781258906374}
77	{"droneId":"drone_103","type":"MISSION_COMPLETE","lat":28.613151,"lon":77.275208,"battery":87,"ts":1781258906435}
78	{"droneId":"drone_102","type":"BATTERY_LOW","lat":28.653456,"lon":77.221702,"battery":54,"ts":1781258906497}
79	{"droneId":"drone_101","type":"REACHED_WAYPOINT","lat":28.64505,"lon":77.275882,"battery":26,"ts":1781258906559}
80	{"droneId":"drone_104","type":"REACHED_WAYPOINT","lat":28.611702,"lon":77.276762,"battery":59,"ts":1781258906621}
81	{"droneId":"drone_104","type":"REACHED_WAYPOINT","lat":28.690818,"lon":77.212272,"battery":91,"ts":1781258906684}
82	{"droneId":"drone_103","type":"MISSION_COMPLETE","lat":28.689134,"lon":77.217607,"battery":11,"ts":1781258906747}
83	{"droneId":"drone_101","type":"RTL_ENGAGED","lat":28.638823,"lon":77.299307,"battery":81,"ts":1781258906809}
84	{"droneId":"drone_101","type":"ALTITUDE_HOLD","lat":28.608011,"lon":77.208758,"battery":90,"ts":1781258906870}
85	{"droneId":"drone_101","type":"ALTITUDE_HOLD","lat":28.669349,"lon":77.291862,"battery":91,"ts":1781258906931}
86	{"droneId":"drone_103","type":"ALTITUDE_HOLD","lat":28.677849,"lon":77.269175,"battery":77,"ts":1781258906994}
87	{"droneId":"drone_102","type":"REACHED_WAYPOINT","lat":28.648355,"lon":77.233948,"battery":70,"ts":1781258907055}
88	{"droneId":"drone_102","type":"GPS_LOCK","lat":28.671013,"lon":77.219742,"battery":96,"ts":1781258907117}
89	{"droneId":"drone_103","type":"GPS_LOCK","lat":28.604818,"lon":77.257519,"battery":32,"ts":1781258907179}
90	{"droneId":"drone_104","type":"GPS_LOCK","lat":28.606662,"lon":77.21929,"battery":35,"ts":1781258907241}
91	{"droneId":"drone_104","type":"BATTERY_LOW","lat":28.687834,"lon":77.267291,"battery":39,"ts":1781258907303}
92	{"droneId":"drone_102","type":"BATTERY_LOW","lat":28.678368,"lon":77.296359,"battery":99,"ts":1781258907365}
93	{"droneId":"drone_101","type":"BATTERY_LOW","lat":28.661793,"lon":77.202737,"battery":16,"ts":1781258907428}
94	{"droneId":"drone_102","type":"GEOFENCE_BREACH","lat":28.687823,"lon":77.292743,"battery":9,"ts":1781258907490}
95	{"droneId":"drone_104","type":"REACHED_WAYPOINT","lat":28.6686,"lon":77.239216,"battery":13,"ts":1781258907551}
96	{"droneId":"drone_104","type":"BATTERY_LOW","lat":28.677461,"lon":77.241388,"battery":90,"ts":1781258907613}
97	{"droneId":"drone_103","type":"MISSION_COMPLETE","lat":28.681661,"lon":77.233644,"battery":79,"ts":1781258907675}
98	{"droneId":"drone_101","type":"REACHED_WAYPOINT","lat":28.601752,"lon":77.278816,"battery":40,"ts":1781258907737}
99	{"droneId":"drone_103","type":"RTL_ENGAGED","lat":28.63706,"lon":77.209158,"battery":55,"ts":1781258907797}
100	{"droneId":"drone_102","type":"MISSION_COMPLETE","lat":28.672246,"lon":77.251366,"battery":55,"ts":1781258907860}
101	{"droneId":"drone_102","type":"GEOFENCE_BREACH","lat":28.687596,"lon":77.292861,"battery":17,"ts":1781258907922}
102	{"droneId":"drone_102","type":"ALTITUDE_HOLD","lat":28.647765,"lon":77.202226,"battery":24,"ts":1781258907983}
103	{"droneId":"drone_102","type":"ALTITUDE_HOLD","lat":28.686567,"lon":77.277247,"battery":84,"ts":1781258908046}
104	{"droneId":"drone_104","type":"ALTITUDE_HOLD","lat":28.611648,"lon":77.218489,"battery":68,"ts":1781258908107}
105	{"droneId":"drone_103","type":"REACHED_WAYPOINT","lat":28.645355,"lon":77.238442,"battery":59,"ts":1781258908169}
106	{"droneId":"drone_104","type":"MISSION_STARTED","lat":28.605415,"lon":77.222252,"battery":22,"ts":1781258908233}
107	{"droneId":"drone_103","type":"RTL_ENGAGED","lat":28.680254,"lon":77.204095,"battery":96,"ts":1781258908295}
108	{"droneId":"drone_104","type":"ALTITUDE_HOLD","lat":28.680856,"lon":77.250227,"battery":65,"ts":1781258908359}
109	{"droneId":"drone_102","type":"MISSION_COMPLETE","lat":28.696655,"lon":77.281408,"battery":14,"ts":1781258908421}
110	{"droneId":"drone_101","type":"ALTITUDE_HOLD","lat":28.691649,"lon":77.204159,"battery":47,"ts":1781258908484}
111	{"droneId":"drone_101","type":"BATTERY_LOW","lat":28.678299,"lon":77.203414,"battery":47,"ts":1781258908546}
112	{"droneId":"drone_102","type":"GEOFENCE_BREACH","lat":28.606588,"lon":77.237027,"battery":31,"ts":1781258908608}
113	{"droneId":"drone_102","type":"BATTERY_LOW","lat":28.630506,"lon":77.218771,"battery":65,"ts":1781258908668}
114	{"droneId":"drone_104","type":"ALTITUDE_HOLD","lat":28.627852,"lon":77.205605,"battery":25,"ts":1781258908730}
115	{"droneId":"drone_101","type":"ALTITUDE_HOLD","lat":28.692779,"lon":77.264179,"battery":10,"ts":1781258908792}
116	{"droneId":"drone_104","type":"MISSION_STARTED","lat":28.606126,"lon":77.28827,"battery":27,"ts":1781258908854}
117	{"droneId":"drone_101","type":"REACHED_WAYPOINT","lat":28.650578,"lon":77.214809,"battery":11,"ts":1781258908916}
118	{"droneId":"drone_102","type":"MISSION_COMPLETE","lat":28.682212,"lon":77.27701,"battery":36,"ts":1781258908978}
119	{"droneId":"drone_102","type":"ALTITUDE_HOLD","lat":28.655964,"lon":77.280052,"battery":53,"ts":1781258909039}
120	{"droneId":"drone_104","type":"GEOFENCE_BREACH","lat":28.628825,"lon":77.2583,"battery":94,"ts":1781258909101}
121	{"droneId":"drone_101","type":"RTL_ENGAGED","lat":28.637718,"lon":77.216957,"battery":21,"ts":1781258909162}
122	{"droneId":"drone_102","type":"MISSION_STARTED","lat":28.631356,"lon":77.215511,"battery":96,"ts":1781258909225}
123	{"droneId":"drone_103","type":"ALTITUDE_HOLD","lat":28.630515,"lon":77.29175,"battery":69,"ts":1781258909286}
124	{"droneId":"drone_102","type":"RTL_ENGAGED","lat":28.67008,"lon":77.212604,"battery":33,"ts":1781258909348}
125	{"droneId":"drone_103","type":"GPS_LOCK","lat":28.622246,"lon":77.268711,"battery":91,"ts":1781258909410}
126	{"droneId":"drone_102","type":"GEOFENCE_BREACH","lat":28.674237,"lon":77.209399,"battery":26,"ts":1781258909469}
127	{"droneId":"drone_103","type":"BATTERY_LOW","lat":28.637961,"lon":77.270936,"battery":58,"ts":1781258909531}
128	{"droneId":"drone_104","type":"RTL_ENGAGED","lat":28.653888,"lon":77.217464,"battery":52,"ts":1781258909593}
129	{"droneId":"drone_104","type":"GPS_LOCK","lat":28.677582,"lon":77.226404,"battery":46,"ts":1781258909656}
130	{"droneId":"drone_103","type":"RTL_ENGAGED","lat":28.623145,"lon":77.246645,"battery":62,"ts":1781258909718}
131	{"droneId":"drone_101","type":"GPS_LOCK","lat":28.698919,"lon":77.294816,"battery":71,"ts":1781258909781}
132	{"droneId":"drone_102","type":"REACHED_WAYPOINT","lat":28.617277,"lon":77.260535,"battery":69,"ts":1781258909841}
133	{"droneId":"drone_102","type":"GEOFENCE_BREACH","lat":28.635027,"lon":77.285412,"battery":13,"ts":1781258909902}
134	{"droneId":"drone_104","type":"GPS_LOCK","lat":28.623769,"lon":77.204004,"battery":27,"ts":1781258909964}
135	{"droneId":"drone_101","type":"MISSION_COMPLETE","lat":28.649975,"lon":77.214235,"battery":16,"ts":1781258910025}
136	{"droneId":"drone_102","type":"MISSION_COMPLETE","lat":28.608487,"lon":77.217364,"battery":70,"ts":1781258910087}
137	{"droneId":"drone_103","type":"MISSION_COMPLETE","lat":28.621836,"lon":77.287291,"battery":8,"ts":1781258910149}
138	{"droneId":"drone_103","type":"GPS_LOCK","lat":28.672234,"lon":77.29833,"battery":86,"ts":1781258910213}
139	{"droneId":"drone_102","type":"REACHED_WAYPOINT","lat":28.627767,"lon":77.215742,"battery":21,"ts":1781258910274}
140	{"droneId":"drone_101","type":"ALTITUDE_HOLD","lat":28.608734,"lon":77.264662,"battery":6,"ts":1781258910337}
141	{"droneId":"drone_104","type":"GEOFENCE_BREACH","lat":28.69468,"lon":77.209226,"battery":87,"ts":1781258910399}
142	{"droneId":"drone_103","type":"MISSION_STARTED","lat":28.684584,"lon":77.261603,"battery":12,"ts":1781258910460}
143	{"droneId":"drone_102","type":"BATTERY_LOW","lat":28.674384,"lon":77.237325,"battery":75,"ts":1781258910524}
144	{"droneId":"drone_103","type":"MISSION_STARTED","lat":28.629392,"lon":77.256177,"battery":28,"ts":1781258910586}
145	{"droneId":"drone_104","type":"MISSION_COMPLETE","lat":28.648377,"lon":77.292285,"battery":97,"ts":1781258910648}
146	{"droneId":"drone_104","type":"MISSION_COMPLETE","lat":28.636142,"lon":77.251422,"battery":98,"ts":1781258910709}
147	{"droneId":"drone_102","type":"RTL_ENGAGED","lat":28.677934,"lon":77.205448,"battery":97,"ts":1781258910772}
148	{"droneId":"drone_104","type":"ALTITUDE_HOLD","lat":28.638299,"lon":77.259865,"battery":50,"ts":1781258910834}
149	{"droneId":"drone_102","type":"REACHED_WAYPOINT","lat":28.628345,"lon":77.210351,"battery":96,"ts":1781258910895}
150	{"droneId":"drone_104","type":"BATTERY_LOW","lat":28.699223,"lon":77.251642,"battery":99,"ts":1781258910958}
151	{"droneId":"drone_103","type":"GPS_LOCK","lat":28.639885,"lon":77.2319,"battery":43,"ts":1781258911019}
152	{"droneId":"drone_102","type":"MISSION_STARTED","lat":28.61366,"lon":77.264179,"battery":95,"ts":1781258911081}
153	{"droneId":"drone_103","type":"MISSION_COMPLETE","lat":28.664363,"lon":77.252562,"battery":7,"ts":1781258911142}
154	{"droneId":"drone_104","type":"GPS_LOCK","lat":28.607742,"lon":77.224262,"battery":89,"ts":1781258911204}
155	{"droneId":"drone_101","type":"REACHED_WAYPOINT","lat":28.658038,"lon":77.211523,"battery":20,"ts":1781258911267}
156	{"droneId":"drone_103","type":"REACHED_WAYPOINT","lat":28.659773,"lon":77.261439,"battery":2,"ts":1781258911329}
157	{"droneId":"drone_101","type":"ALTITUDE_HOLD","lat":28.639627,"lon":77.258762,"battery":38,"ts":1781258911391}
158	{"droneId":"drone_102","type":"BATTERY_LOW","lat":28.659857,"lon":77.288213,"battery":92,"ts":1781258911453}
159	{"droneId":"drone_102","type":"RTL_ENGAGED","lat":28.698581,"lon":77.233874,"battery":6,"ts":1781258911516}
160	{"droneId":"drone_104","type":"BATTERY_LOW","lat":28.667201,"lon":77.296281,"battery":82,"ts":1781258911579}
161	{"droneId":"drone_102","type":"RTL_ENGAGED","lat":28.600853,"lon":77.268411,"battery":82,"ts":1781258911640}
162	{"droneId":"drone_104","type":"BATTERY_LOW","lat":28.690244,"lon":77.21452,"battery":91,"ts":1781258911702}
163	{"droneId":"drone_104","type":"ALTITUDE_HOLD","lat":28.626311,"lon":77.283264,"battery":17,"ts":1781258911763}
164	{"droneId":"drone_102","type":"MISSION_STARTED","lat":28.64155,"lon":77.294886,"battery":93,"ts":1781258911825}
165	{"droneId":"drone_104","type":"REACHED_WAYPOINT","lat":28.627896,"lon":77.236472,"battery":82,"ts":1781258911888}
166	{"droneId":"drone_101","type":"ALTITUDE_HOLD","lat":28.680707,"lon":77.2451,"battery":12,"ts":1781258911949}
167	{"droneId":"drone_102","type":"MISSION_STARTED","lat":28.614635,"lon":77.2333,"battery":34,"ts":1781258912011}
168	{"droneId":"drone_104","type":"ALTITUDE_HOLD","lat":28.652403,"lon":77.2636,"battery":75,"ts":1781258912074}
169	{"droneId":"drone_101","type":"ALTITUDE_HOLD","lat":28.657337,"lon":77.267233,"battery":67,"ts":1781258912137}
170	{"droneId":"drone_104","type":"REACHED_WAYPOINT","lat":28.655447,"lon":77.225083,"battery":1,"ts":1781258912199}
171	{"droneId":"drone_101","type":"GEOFENCE_BREACH","lat":28.620899,"lon":77.275231,"battery":60,"ts":1781258912263}
172	{"droneId":"drone_102","type":"BATTERY_LOW","lat":28.65297,"lon":77.209261,"battery":67,"ts":1781258912326}
173	{"droneId":"drone_104","type":"ALTITUDE_HOLD","lat":28.652727,"lon":77.26798,"battery":6,"ts":1781258912390}
174	{"droneId":"drone_103","type":"MISSION_COMPLETE","lat":28.664793,"lon":77.245724,"battery":64,"ts":1781258912452}
175	{"droneId":"drone_102","type":"GEOFENCE_BREACH","lat":28.674404,"lon":77.289037,"battery":59,"ts":1781258912514}
176	{"droneId":"drone_102","type":"MISSION_COMPLETE","lat":28.604491,"lon":77.272968,"battery":26,"ts":1781258912574}
177	{"droneId":"drone_103","type":"GPS_LOCK","lat":28.662216,"lon":77.248523,"battery":35,"ts":1781258912636}
178	{"droneId":"drone_103","type":"GPS_LOCK","lat":28.660348,"lon":77.273398,"battery":73,"ts":1781258912698}
179	{"droneId":"drone_101","type":"MISSION_COMPLETE","lat":28.683763,"lon":77.254642,"battery":37,"ts":1781258912760}
180	{"droneId":"drone_104","type":"BATTERY_LOW","lat":28.625665,"lon":77.296397,"battery":27,"ts":1781258912823}
181	{"droneId":"drone_102","type":"ALTITUDE_HOLD","lat":28.650866,"lon":77.285076,"battery":43,"ts":1781258912885}
182	{"droneId":"drone_102","type":"ALTITUDE_HOLD","lat":28.6066,"lon":77.232307,"battery":54,"ts":1781258912947}
183	{"droneId":"drone_103","type":"GEOFENCE_BREACH","lat":28.601921,"lon":77.229358,"battery":80,"ts":1781258913009}
184	{"droneId":"drone_102","type":"ALTITUDE_HOLD","lat":28.612767,"lon":77.254013,"battery":6,"ts":1781258913071}
185	{"droneId":"drone_104","type":"REACHED_WAYPOINT","lat":28.613361,"lon":77.209982,"battery":46,"ts":1781258913134}
186	{"droneId":"drone_101","type":"GPS_LOCK","lat":28.607799,"lon":77.216326,"battery":47,"ts":1781258913196}
187	{"droneId":"drone_101","type":"MISSION_STARTED","lat":28.611703,"lon":77.21995,"battery":42,"ts":1781258913259}
188	{"droneId":"drone_101","type":"MISSION_COMPLETE","lat":28.677642,"lon":77.290634,"battery":69,"ts":1781258913322}
189	{"droneId":"drone_103","type":"REACHED_WAYPOINT","lat":28.628188,"lon":77.290997,"battery":97,"ts":1781258913383}
190	{"droneId":"drone_101","type":"MISSION_COMPLETE","lat":28.631869,"lon":77.25505,"battery":31,"ts":1781258913445}
191	{"droneId":"drone_104","type":"MISSION_COMPLETE","lat":28.663147,"lon":77.256458,"battery":81,"ts":1781258913507}
192	{"droneId":"drone_103","type":"RTL_ENGAGED","lat":28.641859,"lon":77.251488,"battery":70,"ts":1781258913570}
193	{"droneId":"drone_101","type":"GPS_LOCK","lat":28.673087,"lon":77.234071,"battery":68,"ts":1781258913633}
194	{"droneId":"drone_102","type":"RTL_ENGAGED","lat":28.680688,"lon":77.299258,"battery":74,"ts":1781258913696}
195	{"droneId":"drone_103","type":"GPS_LOCK","lat":28.692199,"lon":77.282262,"battery":86,"ts":1781258913758}
196	{"droneId":"drone_104","type":"RTL_ENGAGED","lat":28.665775,"lon":77.276711,"battery":29,"ts":1781258913820}
197	{"droneId":"drone_102","type":"RTL_ENGAGED","lat":28.676561,"lon":77.248645,"battery":92,"ts":1781258913883}
198	{"droneId":"drone_104","type":"BATTERY_LOW","lat":28.609514,"lon":77.222377,"battery":48,"ts":1781258913945}
199	{"droneId":"drone_101","type":"MISSION_STARTED","lat":28.656086,"lon":77.265209,"battery":81,"ts":1781258914007}
200	{"droneId":"drone_102","type":"GPS_LOCK","lat":28.675145,"lon":77.243454,"battery":55,"ts":1781258914068}
201	{"droneId":"drone_101","type":"RTL_ENGAGED","lat":28.672335,"lon":77.282489,"battery":44,"ts":1781258914130}
202	{"droneId":"drone_101","type":"MISSION_COMPLETE","lat":28.67182,"lon":77.293533,"battery":58,"ts":1781258914192}
203	{"droneId":"drone_103","type":"ALTITUDE_HOLD","lat":28.668044,"lon":77.273778,"battery":42,"ts":1781258914255}
204	{"droneId":"drone_104","type":"MISSION_COMPLETE","lat":28.62336,"lon":77.220887,"battery":7,"ts":1781258914317}
205	{"droneId":"drone_101","type":"GEOFENCE_BREACH","lat":28.655164,"lon":77.200969,"battery":95,"ts":1781258914380}
206	{"droneId":"drone_103","type":"GPS_LOCK","lat":28.676833,"lon":77.292098,"battery":29,"ts":1781258914443}
207	{"droneId":"drone_103","type":"BATTERY_LOW","lat":28.640798,"lon":77.238119,"battery":8,"ts":1781258914506}
208	{"droneId":"drone_103","type":"ALTITUDE_HOLD","lat":28.643431,"lon":77.209356,"battery":89,"ts":1781258914568}
209	{"droneId":"drone_104","type":"GPS_LOCK","lat":28.67016,"lon":77.297983,"battery":22,"ts":1781258914629}
210	{"droneId":"drone_103","type":"BATTERY_LOW","lat":28.690598,"lon":77.200378,"battery":73,"ts":1781258914691}
211	{"droneId":"drone_103","type":"ALTITUDE_HOLD","lat":28.620893,"lon":77.246665,"battery":27,"ts":1781258914754}
212	{"droneId":"drone_104","type":"MISSION_STARTED","lat":28.661934,"lon":77.216126,"battery":74,"ts":1781258914814}
213	{"droneId":"drone_103","type":"MISSION_COMPLETE","lat":28.614245,"lon":77.240733,"battery":67,"ts":1781258914878}
214	{"droneId":"drone_104","type":"REACHED_WAYPOINT","lat":28.652124,"lon":77.227703,"battery":89,"ts":1781258914939}
215	{"droneId":"drone_101","type":"MISSION_COMPLETE","lat":28.672017,"lon":77.286681,"battery":27,"ts":1781258915001}
216	{"droneId":"drone_101","type":"RTL_ENGAGED","lat":28.607341,"lon":77.202016,"battery":3,"ts":1781258915063}
217	{"droneId":"drone_104","type":"GEOFENCE_BREACH","lat":28.6253,"lon":77.21999,"battery":63,"ts":1781258915124}
218	{"droneId":"drone_103","type":"GEOFENCE_BREACH","lat":28.680788,"lon":77.285094,"battery":77,"ts":1781258915185}
219	{"droneId":"drone_104","type":"ALTITUDE_HOLD","lat":28.648109,"lon":77.267602,"battery":34,"ts":1781258915247}
220	{"droneId":"drone_103","type":"MISSION_STARTED","lat":28.630807,"lon":77.212286,"battery":4,"ts":1781258915310}
221	{"droneId":"drone_101","type":"ALTITUDE_HOLD","lat":28.67578,"lon":77.219627,"battery":93,"ts":1781258915371}
222	{"droneId":"drone_103","type":"MISSION_STARTED","lat":28.663476,"lon":77.280556,"battery":0,"ts":1781258915434}
223	{"droneId":"drone_103","type":"GPS_LOCK","lat":28.688578,"lon":77.216784,"battery":50,"ts":1781258915498}
224	{"droneId":"drone_102","type":"BATTERY_LOW","lat":28.677469,"lon":77.252688,"battery":40,"ts":1781258915559}
225	{"droneId":"drone_101","type":"GPS_LOCK","lat":28.681477,"lon":77.254061,"battery":33,"ts":1781258915622}
226	{"droneId":"drone_102","type":"GPS_LOCK","lat":28.676942,"lon":77.211791,"battery":14,"ts":1781258915682}
227	{"droneId":"drone_102","type":"BATTERY_LOW","lat":28.664658,"lon":77.260415,"battery":52,"ts":1781258915744}
228	{"droneId":"drone_101","type":"MISSION_STARTED","lat":28.693328,"lon":77.259509,"battery":73,"ts":1781258915806}
229	{"droneId":"drone_101","type":"MISSION_COMPLETE","lat":28.691645,"lon":77.208965,"battery":17,"ts":1781258915868}
230	{"droneId":"drone_101","type":"MISSION_COMPLETE","lat":28.602898,"lon":77.259569,"battery":24,"ts":1781258915929}
231	{"droneId":"drone_102","type":"BATTERY_LOW","lat":28.636363,"lon":77.238023,"battery":48,"ts":1781258915991}
232	{"droneId":"drone_102","type":"GEOFENCE_BREACH","lat":28.67171,"lon":77.203673,"battery":11,"ts":1781258916052}
233	{"droneId":"drone_104","type":"GEOFENCE_BREACH","lat":28.646124,"lon":77.248952,"battery":69,"ts":1781258916114}
234	{"droneId":"drone_101","type":"ALTITUDE_HOLD","lat":28.616884,"lon":77.27742,"battery":44,"ts":1781258916174}
235	{"droneId":"drone_102","type":"MISSION_STARTED","lat":28.693308,"lon":77.275106,"battery":19,"ts":1781258916236}
236	{"droneId":"drone_104","type":"ALTITUDE_HOLD","lat":28.649695,"lon":77.234103,"battery":91,"ts":1781258916297}
237	{"droneId":"drone_101","type":"MISSION_COMPLETE","lat":28.600839,"lon":77.227968,"battery":83,"ts":1781258916359}
238	{"droneId":"drone_103","type":"ALTITUDE_HOLD","lat":28.696961,"lon":77.210129,"battery":95,"ts":1781258916421}
239	{"droneId":"drone_104","type":"MISSION_COMPLETE","lat":28.64366,"lon":77.284329,"battery":84,"ts":1781258916482}
240	{"droneId":"drone_104","type":"BATTERY_LOW","lat":28.64006,"lon":77.265393,"battery":99,"ts":1781258916544}
241	{"droneId":"drone_104","type":"RTL_ENGAGED","lat":28.691028,"lon":77.27037,"battery":65,"ts":1781258916606}
242	{"droneId":"drone_101","type":"BATTERY_LOW","lat":28.679879,"lon":77.233038,"battery":45,"ts":1781258916669}
243	{"droneId":"drone_103","type":"GEOFENCE_BREACH","lat":28.658575,"lon":77.247651,"battery":74,"ts":1781258916731}
244	{"droneId":"drone_102","type":"MISSION_COMPLETE","lat":28.697979,"lon":77.24335,"battery":93,"ts":1781258916793}
245	{"droneId":"drone_104","type":"ALTITUDE_HOLD","lat":28.688342,"lon":77.207854,"battery":71,"ts":1781258916856}
246	{"droneId":"drone_104","type":"MISSION_STARTED","lat":28.643195,"lon":77.242846,"battery":45,"ts":1781258916918}
247	{"droneId":"drone_103","type":"GPS_LOCK","lat":28.671387,"lon":77.247046,"battery":95,"ts":1781258916981}
248	{"droneId":"drone_104","type":"REACHED_WAYPOINT","lat":28.645567,"lon":77.231343,"battery":37,"ts":1781258917043}
249	{"droneId":"drone_103","type":"BATTERY_LOW","lat":28.679199,"lon":77.228302,"battery":38,"ts":1781258917105}
250	{"droneId":"drone_104","type":"REACHED_WAYPOINT","lat":28.638188,"lon":77.217605,"battery":64,"ts":1781258917166}
251	{"droneId":"drone_102","type":"MISSION_STARTED","lat":28.627548,"lon":77.245678,"battery":80,"ts":1781258917228}
252	{"droneId":"drone_102","type":"MISSION_STARTED","lat":28.654783,"lon":77.269673,"battery":69,"ts":1781258917291}
253	{"droneId":"drone_103","type":"MISSION_COMPLETE","lat":28.697531,"lon":77.240301,"battery":30,"ts":1781258917354}
254	{"droneId":"drone_101","type":"GPS_LOCK","lat":28.689206,"lon":77.296571,"battery":63,"ts":1781258917416}
255	{"droneId":"drone_101","type":"ALTITUDE_HOLD","lat":28.633275,"lon":77.221187,"battery":41,"ts":1781258917477}
256	{"droneId":"drone_104","type":"ALTITUDE_HOLD","lat":28.657796,"lon":77.279026,"battery":15,"ts":1781258917539}
257	{"droneId":"drone_104","type":"MISSION_COMPLETE","lat":28.693895,"lon":77.264743,"battery":26,"ts":1781258917602}
258	{"droneId":"drone_103","type":"MISSION_COMPLETE","lat":28.601947,"lon":77.266218,"battery":0,"ts":1781258917663}
259	{"droneId":"drone_101","type":"MISSION_STARTED","lat":28.650797,"lon":77.269677,"battery":65,"ts":1781258917726}
260	{"droneId":"drone_102","type":"REACHED_WAYPOINT","lat":28.6963,"lon":77.240338,"battery":25,"ts":1781258917789}
261	{"droneId":"drone_104","type":"RTL_ENGAGED","lat":28.669676,"lon":77.235304,"battery":21,"ts":1781258917851}
262	{"droneId":"drone_102","type":"REACHED_WAYPOINT","lat":28.607045,"lon":77.272876,"battery":75,"ts":1781258917913}
263	{"droneId":"drone_103","type":"BATTERY_LOW","lat":28.661065,"lon":77.238702,"battery":28,"ts":1781258917975}
264	{"droneId":"drone_101","type":"RTL_ENGAGED","lat":28.6144,"lon":77.232448,"battery":94,"ts":1781258918037}
265	{"droneId":"drone_103","type":"GEOFENCE_BREACH","lat":28.67829,"lon":77.212566,"battery":51,"ts":1781258918098}
266	{"droneId":"drone_104","type":"BATTERY_LOW","lat":28.678084,"lon":77.25919,"battery":15,"ts":1781258918161}
267	{"droneId":"drone_101","type":"REACHED_WAYPOINT","lat":28.676102,"lon":77.231304,"battery":86,"ts":1781258918223}
268	{"droneId":"drone_104","type":"GPS_LOCK","lat":28.699655,"lon":77.294616,"battery":87,"ts":1781258918285}
269	{"droneId":"drone_102","type":"RTL_ENGAGED","lat":28.649128,"lon":77.230847,"battery":50,"ts":1781258918348}
270	{"droneId":"drone_101","type":"REACHED_WAYPOINT","lat":28.671527,"lon":77.21898,"battery":76,"ts":1781258918410}
271	{"droneId":"drone_102","type":"GPS_LOCK","lat":28.652139,"lon":77.284743,"battery":20,"ts":1781258918470}
272	{"droneId":"drone_103","type":"RTL_ENGAGED","lat":28.624365,"lon":77.232897,"battery":99,"ts":1781258918533}
273	{"droneId":"drone_101","type":"RTL_ENGAGED","lat":28.638485,"lon":77.261168,"battery":76,"ts":1781258918594}
274	{"droneId":"drone_102","type":"GPS_LOCK","lat":28.691745,"lon":77.280232,"battery":42,"ts":1781258918656}
275	{"droneId":"drone_102","type":"REACHED_WAYPOINT","lat":28.671899,"lon":77.24852,"battery":37,"ts":1781258918718}
276	{"droneId":"drone_101","type":"ALTITUDE_HOLD","lat":28.696166,"lon":77.267698,"battery":78,"ts":1781258918781}
277	{"droneId":"drone_103","type":"REACHED_WAYPOINT","lat":28.675645,"lon":77.228492,"battery":50,"ts":1781258918842}
278	{"droneId":"drone_101","type":"MISSION_COMPLETE","lat":28.638978,"lon":77.240821,"battery":53,"ts":1781258918904}
279	{"droneId":"drone_103","type":"GPS_LOCK","lat":28.604172,"lon":77.256279,"battery":12,"ts":1781258918967}
280	{"droneId":"drone_101","type":"BATTERY_LOW","lat":28.698163,"lon":77.297425,"battery":33,"ts":1781258919028}
281	{"droneId":"drone_102","type":"RTL_ENGAGED","lat":28.666639,"lon":77.237239,"battery":83,"ts":1781258919090}
282	{"droneId":"drone_101","type":"ALTITUDE_HOLD","lat":28.63349,"lon":77.262897,"battery":58,"ts":1781258919153}
283	{"droneId":"drone_103","type":"ALTITUDE_HOLD","lat":28.66218,"lon":77.216117,"battery":88,"ts":1781258919215}
284	{"droneId":"drone_104","type":"BATTERY_LOW","lat":28.652826,"lon":77.264995,"battery":27,"ts":1781258919277}
285	{"droneId":"drone_101","type":"MISSION_STARTED","lat":28.664089,"lon":77.289442,"battery":15,"ts":1781258919337}
286	{"droneId":"drone_102","type":"MISSION_COMPLETE","lat":28.645045,"lon":77.216589,"battery":14,"ts":1781258919400}
287	{"droneId":"drone_104","type":"RTL_ENGAGED","lat":28.604014,"lon":77.240376,"battery":92,"ts":1781258919462}
288	{"droneId":"drone_103","type":"MISSION_COMPLETE","lat":28.659958,"lon":77.207503,"battery":5,"ts":1781258919525}
289	{"droneId":"drone_102","type":"RTL_ENGAGED","lat":28.683043,"lon":77.263746,"battery":22,"ts":1781258919587}
290	{"droneId":"drone_104","type":"REACHED_WAYPOINT","lat":28.623085,"lon":77.222196,"battery":53,"ts":1781258919649}
291	{"droneId":"drone_103","type":"MISSION_STARTED","lat":28.679386,"lon":77.261197,"battery":73,"ts":1781258919710}
292	{"droneId":"drone_104","type":"MISSION_COMPLETE","lat":28.65602,"lon":77.20903,"battery":32,"ts":1781258919772}
293	{"droneId":"drone_104","type":"MISSION_COMPLETE","lat":28.695702,"lon":77.222956,"battery":29,"ts":1781258919833}
294	{"droneId":"drone_104","type":"BATTERY_LOW","lat":28.645341,"lon":77.259119,"battery":72,"ts":1781258919896}
295	{"droneId":"drone_101","type":"ALTITUDE_HOLD","lat":28.625186,"lon":77.211922,"battery":90,"ts":1781258919958}
296	{"droneId":"drone_102","type":"REACHED_WAYPOINT","lat":28.665755,"lon":77.207741,"battery":97,"ts":1781258920020}
297	{"droneId":"drone_103","type":"REACHED_WAYPOINT","lat":28.60024,"lon":77.273084,"battery":8,"ts":1781258920083}
298	{"droneId":"drone_104","type":"RTL_ENGAGED","lat":28.617426,"lon":77.247689,"battery":85,"ts":1781258920145}
299	{"droneId":"drone_102","type":"GPS_LOCK","lat":28.66895,"lon":77.22716,"battery":49,"ts":1781258920207}
300	{"droneId":"drone_103","type":"ALTITUDE_HOLD","lat":28.664586,"lon":77.295392,"battery":79,"ts":1781258920269}
301	{"droneId":"drone_104","type":"GPS_LOCK","lat":28.679555,"lon":77.213974,"battery":79,"ts":1781258920331}
302	{"droneId":"drone_102","type":"GPS_LOCK","lat":28.684473,"lon":77.290911,"battery":64,"ts":1781258920395}
303	{"droneId":"drone_104","type":"MISSION_STARTED","lat":28.610253,"lon":77.294808,"battery":42,"ts":1781258920458}
304	{"droneId":"drone_101","type":"MISSION_COMPLETE","lat":28.607761,"lon":77.270901,"battery":55,"ts":1781258920520}
305	{"droneId":"drone_104","type":"ALTITUDE_HOLD","lat":28.693328,"lon":77.211421,"battery":87,"ts":1781258920583}
306	{"droneId":"drone_103","type":"RTL_ENGAGED","lat":28.63548,"lon":77.277574,"battery":62,"ts":1781258920645}
307	{"droneId":"drone_103","type":"MISSION_COMPLETE","lat":28.686263,"lon":77.245841,"battery":33,"ts":1781258920707}
308	{"droneId":"drone_103","type":"GEOFENCE_BREACH","lat":28.668124,"lon":77.295134,"battery":2,"ts":1781258920769}
309	{"droneId":"drone_101","type":"MISSION_COMPLETE","lat":28.651838,"lon":77.241502,"battery":3,"ts":1781258920831}
310	{"droneId":"drone_101","type":"MISSION_COMPLETE","lat":28.663567,"lon":77.2919,"battery":92,"ts":1781258920893}
311	{"droneId":"drone_101","type":"RTL_ENGAGED","lat":28.624636,"lon":77.220127,"battery":9,"ts":1781258920955}
312	{"droneId":"drone_104","type":"REACHED_WAYPOINT","lat":28.699406,"lon":77.22779,"battery":49,"ts":1781258921018}
313	{"droneId":"drone_104","type":"BATTERY_LOW","lat":28.606784,"lon":77.265357,"battery":87,"ts":1781258921081}
314	{"droneId":"drone_103","type":"MISSION_COMPLETE","lat":28.604589,"lon":77.238797,"battery":45,"ts":1781258921143}
315	{"droneId":"drone_102","type":"REACHED_WAYPOINT","lat":28.610023,"lon":77.295585,"battery":46,"ts":1781258921204}
316	{"droneId":"drone_104","type":"GEOFENCE_BREACH","lat":28.698561,"lon":77.269235,"battery":19,"ts":1781258921268}
317	{"droneId":"drone_104","type":"MISSION_STARTED","lat":28.623474,"lon":77.285474,"battery":34,"ts":1781258921329}
318	{"droneId":"drone_101","type":"GPS_LOCK","lat":28.645127,"lon":77.265453,"battery":11,"ts":1781258921391}
319	{"droneId":"drone_103","type":"MISSION_STARTED","lat":28.604797,"lon":77.261606,"battery":41,"ts":1781258921452}
320	{"droneId":"drone_103","type":"GEOFENCE_BREACH","lat":28.68894,"lon":77.295421,"battery":70,"ts":1781258921515}
321	{"droneId":"drone_102","type":"GEOFENCE_BREACH","lat":28.649579,"lon":77.26679,"battery":23,"ts":1781258921578}
322	{"droneId":"drone_101","type":"GPS_LOCK","lat":28.679603,"lon":77.231393,"battery":58,"ts":1781258921640}
323	{"droneId":"drone_103","type":"RTL_ENGAGED","lat":28.605766,"lon":77.295396,"battery":34,"ts":1781258921703}
324	{"droneId":"drone_103","type":"ALTITUDE_HOLD","lat":28.699111,"lon":77.272366,"battery":96,"ts":1781258921766}
325	{"droneId":"drone_104","type":"MISSION_COMPLETE","lat":28.650742,"lon":77.276473,"battery":6,"ts":1781258921829}
326	{"droneId":"drone_102","type":"MISSION_STARTED","lat":28.697642,"lon":77.226733,"battery":66,"ts":1781258921890}
327	{"droneId":"drone_101","type":"REACHED_WAYPOINT","lat":28.610528,"lon":77.204368,"battery":0,"ts":1781258921952}
328	{"droneId":"drone_103","type":"GEOFENCE_BREACH","lat":28.660079,"lon":77.238994,"battery":6,"ts":1781258922014}
329	{"droneId":"drone_103","type":"MISSION_STARTED","lat":28.691532,"lon":77.229209,"battery":52,"ts":1781258922075}
330	{"droneId":"drone_102","type":"GEOFENCE_BREACH","lat":28.646318,"lon":77.225607,"battery":41,"ts":1781258922139}
331	{"droneId":"drone_102","type":"MISSION_STARTED","lat":28.652745,"lon":77.238075,"battery":76,"ts":1781258922201}
332	{"droneId":"drone_103","type":"ALTITUDE_HOLD","lat":28.66113,"lon":77.26823,"battery":0,"ts":1781258922263}
333	{"droneId":"drone_104","type":"MISSION_STARTED","lat":28.698663,"lon":77.200474,"battery":36,"ts":1781258922313}
334	{"droneId":"drone_104","type":"RTL_ENGAGED","lat":28.605294,"lon":77.218702,"battery":71,"ts":1781258922374}
335	{"droneId":"drone_101","type":"MISSION_COMPLETE","lat":28.617622,"lon":77.232741,"battery":88,"ts":1781258922436}
336	{"droneId":"drone_101","type":"MISSION_STARTED","lat":28.634702,"lon":77.268107,"battery":5,"ts":1781258922498}
337	{"droneId":"drone_102","type":"MISSION_COMPLETE","lat":28.607319,"lon":77.287637,"battery":40,"ts":1781258922560}
338	{"droneId":"drone_102","type":"REACHED_WAYPOINT","lat":28.68075,"lon":77.243986,"battery":80,"ts":1781258922621}
339	{"droneId":"drone_101","type":"MISSION_COMPLETE","lat":28.679439,"lon":77.202652,"battery":93,"ts":1781258922683}
340	{"droneId":"drone_101","type":"GEOFENCE_BREACH","lat":28.644969,"lon":77.226909,"battery":52,"ts":1781258922744}
341	{"droneId":"drone_102","type":"ALTITUDE_HOLD","lat":28.68974,"lon":77.230541,"battery":52,"ts":1781258922805}
342	{"droneId":"drone_104","type":"GEOFENCE_BREACH","lat":28.676982,"lon":77.249263,"battery":7,"ts":1781258922866}
343	{"droneId":"drone_102","type":"BATTERY_LOW","lat":28.661286,"lon":77.277563,"battery":13,"ts":1781258922928}
344	{"droneId":"drone_104","type":"MISSION_STARTED","lat":28.675537,"lon":77.298003,"battery":64,"ts":1781258922989}
345	{"droneId":"drone_102","type":"GEOFENCE_BREACH","lat":28.678963,"lon":77.259529,"battery":14,"ts":1781258923050}
346	{"droneId":"drone_104","type":"GPS_LOCK","lat":28.692759,"lon":77.215525,"battery":94,"ts":1781258923112}
347	{"droneId":"drone_102","type":"RTL_ENGAGED","lat":28.632327,"lon":77.290038,"battery":35,"ts":1781258923175}
348	{"droneId":"drone_103","type":"REACHED_WAYPOINT","lat":28.650029,"lon":77.286502,"battery":65,"ts":1781258923239}
349	{"droneId":"drone_103","type":"BATTERY_LOW","lat":28.683611,"lon":77.262101,"battery":53,"ts":1781258923300}
350	{"droneId":"drone_104","type":"RTL_ENGAGED","lat":28.646619,"lon":77.23705,"battery":20,"ts":1781258923362}
351	{"droneId":"drone_104","type":"GEOFENCE_BREACH","lat":28.621171,"lon":77.211957,"battery":50,"ts":1781258923423}
352	{"droneId":"drone_103","type":"MISSION_STARTED","lat":28.623485,"lon":77.28226,"battery":69,"ts":1781258923485}
353	{"droneId":"drone_103","type":"REACHED_WAYPOINT","lat":28.622117,"lon":77.274322,"battery":99,"ts":1781258923548}
354	{"droneId":"drone_104","type":"BATTERY_LOW","lat":28.616154,"lon":77.281572,"battery":57,"ts":1781258923609}
355	{"droneId":"drone_101","type":"ALTITUDE_HOLD","lat":28.672874,"lon":77.227582,"battery":41,"ts":1781258923671}
356	{"droneId":"drone_101","type":"REACHED_WAYPOINT","lat":28.611363,"lon":77.217144,"battery":60,"ts":1781258923732}
357	{"droneId":"drone_103","type":"REACHED_WAYPOINT","lat":28.664979,"lon":77.266941,"battery":95,"ts":1781258923794}
358	{"droneId":"drone_102","type":"MISSION_STARTED","lat":28.648357,"lon":77.259679,"battery":47,"ts":1781258923858}
359	{"droneId":"drone_101","type":"RTL_ENGAGED","lat":28.633884,"lon":77.224242,"battery":24,"ts":1781258923920}
360	{"droneId":"drone_101","type":"REACHED_WAYPOINT","lat":28.65659,"lon":77.222592,"battery":14,"ts":1781258923983}
361	{"droneId":"drone_101","type":"REACHED_WAYPOINT","lat":28.6673,"lon":77.250009,"battery":17,"ts":1781258924044}
362	{"droneId":"drone_102","type":"MISSION_STARTED","lat":28.617702,"lon":77.213251,"battery":74,"ts":1781258924106}
363	{"droneId":"drone_102","type":"BATTERY_LOW","lat":28.610826,"lon":77.285596,"battery":62,"ts":1781258924168}
364	{"droneId":"drone_103","type":"GEOFENCE_BREACH","lat":28.645002,"lon":77.219541,"battery":78,"ts":1781258924230}
365	{"droneId":"drone_102","type":"GEOFENCE_BREACH","lat":28.674244,"lon":77.297661,"battery":23,"ts":1781258924292}
366	{"droneId":"drone_102","type":"GPS_LOCK","lat":28.626011,"lon":77.290163,"battery":52,"ts":1781258924354}
367	{"droneId":"drone_102","type":"MISSION_COMPLETE","lat":28.669496,"lon":77.22441,"battery":35,"ts":1781258924416}
368	{"droneId":"drone_104","type":"ALTITUDE_HOLD","lat":28.612758,"lon":77.218142,"battery":77,"ts":1781258924478}
369	{"droneId":"drone_103","type":"RTL_ENGAGED","lat":28.623679,"lon":77.213564,"battery":52,"ts":1781258924540}
370	{"droneId":"drone_101","type":"REACHED_WAYPOINT","lat":28.638916,"lon":77.237275,"battery":11,"ts":1781258924603}
371	{"droneId":"drone_104","type":"REACHED_WAYPOINT","lat":28.685866,"lon":77.248848,"battery":63,"ts":1781258924664}
372	{"droneId":"drone_104","type":"ALTITUDE_HOLD","lat":28.604473,"lon":77.207657,"battery":24,"ts":1781258924726}
373	{"droneId":"drone_103","type":"GPS_LOCK","lat":28.641662,"lon":77.223952,"battery":60,"ts":1781258924790}
374	{"droneId":"drone_102","type":"REACHED_WAYPOINT","lat":28.65449,"lon":77.268632,"battery":94,"ts":1781258924852}
375	{"droneId":"drone_104","type":"REACHED_WAYPOINT","lat":28.679736,"lon":77.232913,"battery":42,"ts":1781258924915}
376	{"droneId":"drone_103","type":"ALTITUDE_HOLD","lat":28.669813,"lon":77.299301,"battery":30,"ts":1781258924976}
377	{"droneId":"drone_101","type":"MISSION_COMPLETE","lat":28.62249,"lon":77.26943,"battery":71,"ts":1781258925037}
378	{"droneId":"drone_102","type":"RTL_ENGAGED","lat":28.677929,"lon":77.286004,"battery":13,"ts":1781258925098}
379	{"droneId":"drone_103","type":"MISSION_STARTED","lat":28.688255,"lon":77.291062,"battery":23,"ts":1781258925160}
380	{"droneId":"drone_102","type":"MISSION_COMPLETE","lat":28.631009,"lon":77.207766,"battery":79,"ts":1781258925223}
381	{"droneId":"drone_101","type":"GEOFENCE_BREACH","lat":28.662759,"lon":77.22918,"battery":36,"ts":1781258925286}
382	{"droneId":"drone_101","type":"GEOFENCE_BREACH","lat":28.669824,"lon":77.215348,"battery":86,"ts":1781258925347}
383	{"droneId":"drone_104","type":"GPS_LOCK","lat":28.635555,"lon":77.238725,"battery":37,"ts":1781258925409}
384	{"droneId":"drone_101","type":"BATTERY_LOW","lat":28.663634,"lon":77.247956,"battery":46,"ts":1781258925472}
385	{"droneId":"drone_104","type":"GPS_LOCK","lat":28.664772,"lon":77.2432,"battery":8,"ts":1781258925534}
386	{"droneId":"drone_104","type":"GEOFENCE_BREACH","lat":28.635054,"lon":77.200563,"battery":68,"ts":1781258925595}
387	{"droneId":"drone_103","type":"GEOFENCE_BREACH","lat":28.627484,"lon":77.266055,"battery":39,"ts":1781258925657}
388	{"droneId":"drone_104","type":"REACHED_WAYPOINT","lat":28.62985,"lon":77.214643,"battery":67,"ts":1781258925719}
389	{"droneId":"drone_103","type":"MISSION_COMPLETE","lat":28.682488,"lon":77.298824,"battery":36,"ts":1781258925781}
390	{"droneId":"drone_104","type":"GEOFENCE_BREACH","lat":28.643187,"lon":77.273418,"battery":45,"ts":1781258925843}
391	{"droneId":"drone_102","type":"MISSION_COMPLETE","lat":28.678253,"lon":77.281596,"battery":43,"ts":1781258925905}
392	{"droneId":"drone_104","type":"GPS_LOCK","lat":28.687133,"lon":77.245881,"battery":50,"ts":1781258925966}
393	{"droneId":"drone_104","type":"RTL_ENGAGED","lat":28.653081,"lon":77.233041,"battery":34,"ts":1781258926029}
394	{"droneId":"drone_101","type":"MISSION_COMPLETE","lat":28.609777,"lon":77.273427,"battery":19,"ts":1781258926091}
395	{"droneId":"drone_103","type":"MISSION_STARTED","lat":28.647292,"lon":77.219021,"battery":28,"ts":1781258926152}
396	{"droneId":"drone_101","type":"ALTITUDE_HOLD","lat":28.682978,"lon":77.278801,"battery":47,"ts":1781258926215}
397	{"droneId":"drone_104","type":"GEOFENCE_BREACH","lat":28.63455,"lon":77.265623,"battery":37,"ts":1781258926277}
398	{"droneId":"drone_103","type":"GPS_LOCK","lat":28.645133,"lon":77.291554,"battery":15,"ts":1781258926338}
399	{"droneId":"drone_104","type":"MISSION_COMPLETE","lat":28.631467,"lon":77.272824,"battery":22,"ts":1781258926400}
400	{"droneId":"drone_103","type":"REACHED_WAYPOINT","lat":28.601913,"lon":77.231184,"battery":67,"ts":1781258926463}
401	{"droneId":"drone_104","type":"GPS_LOCK","lat":28.624049,"lon":77.202077,"battery":85,"ts":1781258926526}
402	{"droneId":"drone_102","type":"REACHED_WAYPOINT","lat":28.675638,"lon":77.228293,"battery":67,"ts":1781258926587}
403	{"droneId":"drone_103","type":"MISSION_COMPLETE","lat":28.65225,"lon":77.208997,"battery":17,"ts":1781258926650}
404	{"droneId":"drone_101","type":"ALTITUDE_HOLD","lat":28.699649,"lon":77.202013,"battery":36,"ts":1781258926711}
405	{"droneId":"drone_103","type":"ALTITUDE_HOLD","lat":28.65484,"lon":77.211722,"battery":68,"ts":1781258926773}
406	{"droneId":"drone_101","type":"MISSION_STARTED","lat":28.640074,"lon":77.215588,"battery":17,"ts":1781258926836}
407	{"droneId":"drone_103","type":"ALTITUDE_HOLD","lat":28.691501,"lon":77.23284,"battery":22,"ts":1781258926898}
408	{"droneId":"drone_102","type":"MISSION_COMPLETE","lat":28.605474,"lon":77.252,"battery":44,"ts":1781258926960}
409	{"droneId":"drone_102","type":"BATTERY_LOW","lat":28.682339,"lon":77.229933,"battery":12,"ts":1781258927022}
410	{"droneId":"drone_103","type":"MISSION_COMPLETE","lat":28.622619,"lon":77.200298,"battery":77,"ts":1781258927085}
411	{"droneId":"drone_103","type":"REACHED_WAYPOINT","lat":28.601764,"lon":77.219209,"battery":57,"ts":1781258927148}
412	{"droneId":"drone_104","type":"MISSION_STARTED","lat":28.602585,"lon":77.228127,"battery":76,"ts":1781258927209}
413	{"droneId":"drone_104","type":"BATTERY_LOW","lat":28.657191,"lon":77.250781,"battery":10,"ts":1781258927271}
414	{"droneId":"drone_102","type":"MISSION_STARTED","lat":28.625996,"lon":77.29664,"battery":42,"ts":1781258927331}
415	{"droneId":"drone_104","type":"RTL_ENGAGED","lat":28.620585,"lon":77.265174,"battery":79,"ts":1781258927393}
416	{"droneId":"drone_104","type":"MISSION_COMPLETE","lat":28.654088,"lon":77.268619,"battery":92,"ts":1781258927454}
417	{"droneId":"drone_102","type":"REACHED_WAYPOINT","lat":28.637789,"lon":77.208524,"battery":17,"ts":1781258927516}
418	{"droneId":"drone_101","type":"MISSION_STARTED","lat":28.667815,"lon":77.291688,"battery":82,"ts":1781258927578}
419	{"droneId":"drone_101","type":"RTL_ENGAGED","lat":28.698002,"lon":77.214866,"battery":71,"ts":1781258927640}
420	{"droneId":"drone_102","type":"RTL_ENGAGED","lat":28.617746,"lon":77.283299,"battery":30,"ts":1781258927702}
421	{"droneId":"drone_104","type":"RTL_ENGAGED","lat":28.692371,"lon":77.27678,"battery":30,"ts":1781258927765}
422	{"droneId":"drone_101","type":"RTL_ENGAGED","lat":28.629404,"lon":77.237108,"battery":95,"ts":1781258927827}
423	{"droneId":"drone_103","type":"GEOFENCE_BREACH","lat":28.675886,"lon":77.281723,"battery":89,"ts":1781258927890}
424	{"droneId":"drone_104","type":"ALTITUDE_HOLD","lat":28.635936,"lon":77.290116,"battery":9,"ts":1781258927953}
425	{"droneId":"drone_103","type":"MISSION_COMPLETE","lat":28.626091,"lon":77.270588,"battery":38,"ts":1781258928016}
426	{"droneId":"drone_101","type":"BATTERY_LOW","lat":28.614535,"lon":77.255667,"battery":70,"ts":1781258928078}
427	{"droneId":"drone_102","type":"MISSION_STARTED","lat":28.636378,"lon":77.281303,"battery":2,"ts":1781258928140}
428	{"droneId":"drone_103","type":"MISSION_COMPLETE","lat":28.660002,"lon":77.264062,"battery":12,"ts":1781258928203}
429	{"droneId":"drone_103","type":"MISSION_STARTED","lat":28.665121,"lon":77.232577,"battery":97,"ts":1781258928266}
430	{"droneId":"drone_103","type":"MISSION_COMPLETE","lat":28.663175,"lon":77.248683,"battery":15,"ts":1781258928327}
431	{"droneId":"drone_104","type":"REACHED_WAYPOINT","lat":28.653611,"lon":77.226385,"battery":32,"ts":1781258928389}
432	{"droneId":"drone_104","type":"GPS_LOCK","lat":28.670868,"lon":77.275292,"battery":56,"ts":1781258928450}
433	{"droneId":"drone_102","type":"GEOFENCE_BREACH","lat":28.667741,"lon":77.202605,"battery":30,"ts":1781258928511}
434	{"droneId":"drone_101","type":"GPS_LOCK","lat":28.647303,"lon":77.268822,"battery":54,"ts":1781258928572}
435	{"droneId":"drone_103","type":"REACHED_WAYPOINT","lat":28.614084,"lon":77.276526,"battery":93,"ts":1781258928634}
436	{"droneId":"drone_101","type":"ALTITUDE_HOLD","lat":28.698543,"lon":77.259721,"battery":44,"ts":1781258928696}
437	{"droneId":"drone_101","type":"GPS_LOCK","lat":28.646387,"lon":77.211328,"battery":58,"ts":1781258928758}
438	{"droneId":"drone_101","type":"REACHED_WAYPOINT","lat":28.6143,"lon":77.262412,"battery":49,"ts":1781258928819}
439	{"droneId":"drone_102","type":"GPS_LOCK","lat":28.661928,"lon":77.27364,"battery":44,"ts":1781258928882}
440	{"droneId":"drone_103","type":"GEOFENCE_BREACH","lat":28.608971,"lon":77.265854,"battery":32,"ts":1781258928943}
441	{"droneId":"drone_101","type":"RTL_ENGAGED","lat":28.6261,"lon":77.247557,"battery":85,"ts":1781258929005}
442	{"droneId":"drone_103","type":"MISSION_STARTED","lat":28.654361,"lon":77.252674,"battery":87,"ts":1781258929067}
443	{"droneId":"drone_101","type":"REACHED_WAYPOINT","lat":28.68127,"lon":77.2983,"battery":35,"ts":1781258929129}
444	{"droneId":"drone_104","type":"MISSION_STARTED","lat":28.660456,"lon":77.214291,"battery":36,"ts":1781258929191}
445	{"droneId":"drone_103","type":"REACHED_WAYPOINT","lat":28.685372,"lon":77.239397,"battery":7,"ts":1781258929253}
446	{"droneId":"drone_103","type":"MISSION_COMPLETE","lat":28.677252,"lon":77.213995,"battery":90,"ts":1781258929315}
447	{"droneId":"drone_103","type":"GEOFENCE_BREACH","lat":28.67247,"lon":77.288045,"battery":41,"ts":1781258929377}
448	{"droneId":"drone_101","type":"REACHED_WAYPOINT","lat":28.640096,"lon":77.24007,"battery":64,"ts":1781258929439}
449	{"droneId":"drone_104","type":"GPS_LOCK","lat":28.603215,"lon":77.204173,"battery":72,"ts":1781258929502}
450	{"droneId":"drone_104","type":"BATTERY_LOW","lat":28.636552,"lon":77.257078,"battery":19,"ts":1781258929563}
451	{"droneId":"drone_101","type":"BATTERY_LOW","lat":28.651865,"lon":77.206535,"battery":61,"ts":1781258929625}
452	{"droneId":"drone_102","type":"BATTERY_LOW","lat":28.615596,"lon":77.230677,"battery":86,"ts":1781258929687}
453	{"droneId":"drone_103","type":"MISSION_STARTED","lat":28.644711,"lon":77.209943,"battery":20,"ts":1781258929749}
454	{"droneId":"drone_104","type":"ALTITUDE_HOLD","lat":28.620189,"lon":77.230894,"battery":53,"ts":1781258929810}
455	{"droneId":"drone_104","type":"MISSION_STARTED","lat":28.614166,"lon":77.246461,"battery":27,"ts":1781258929872}
456	{"droneId":"drone_104","type":"GEOFENCE_BREACH","lat":28.604879,"lon":77.284637,"battery":64,"ts":1781258929935}
457	{"droneId":"drone_103","type":"BATTERY_LOW","lat":28.660402,"lon":77.20918,"battery":94,"ts":1781258929997}
458	{"droneId":"drone_101","type":"REACHED_WAYPOINT","lat":28.685883,"lon":77.242892,"battery":3,"ts":1781258930059}
459	{"droneId":"drone_101","type":"REACHED_WAYPOINT","lat":28.647932,"lon":77.283554,"battery":93,"ts":1781258930120}
460	{"droneId":"drone_102","type":"RTL_ENGAGED","lat":28.663198,"lon":77.261288,"battery":71,"ts":1781258930181}
461	{"droneId":"drone_102","type":"GPS_LOCK","lat":28.687657,"lon":77.249151,"battery":31,"ts":1781258930244}
462	{"droneId":"drone_101","type":"BATTERY_LOW","lat":28.649944,"lon":77.291515,"battery":89,"ts":1781258930305}
463	{"droneId":"drone_101","type":"ALTITUDE_HOLD","lat":28.69086,"lon":77.222768,"battery":92,"ts":1781258930367}
464	{"droneId":"drone_103","type":"MISSION_COMPLETE","lat":28.630336,"lon":77.273968,"battery":98,"ts":1781258930430}
465	{"droneId":"drone_104","type":"BATTERY_LOW","lat":28.6038,"lon":77.201661,"battery":3,"ts":1781258930492}
466	{"droneId":"drone_104","type":"ALTITUDE_HOLD","lat":28.621074,"lon":77.234232,"battery":88,"ts":1781258930554}
467	{"droneId":"drone_101","type":"ALTITUDE_HOLD","lat":28.600754,"lon":77.229245,"battery":19,"ts":1781258930616}
468	{"droneId":"drone_102","type":"MISSION_STARTED","lat":28.605758,"lon":77.25634,"battery":10,"ts":1781258930679}
469	{"droneId":"drone_104","type":"REACHED_WAYPOINT","lat":28.623577,"lon":77.227646,"battery":31,"ts":1781258930742}
470	{"droneId":"drone_103","type":"ALTITUDE_HOLD","lat":28.614618,"lon":77.291892,"battery":82,"ts":1781258930803}
471	{"droneId":"drone_101","type":"MISSION_COMPLETE","lat":28.680837,"lon":77.204832,"battery":50,"ts":1781258930865}
472	{"droneId":"drone_104","type":"MISSION_COMPLETE","lat":28.687508,"lon":77.202102,"battery":20,"ts":1781258930927}
473	{"droneId":"drone_104","type":"GPS_LOCK","lat":28.672496,"lon":77.270767,"battery":26,"ts":1781258930990}
474	{"droneId":"drone_101","type":"GEOFENCE_BREACH","lat":28.64161,"lon":77.265572,"battery":93,"ts":1781258931052}
475	{"droneId":"drone_104","type":"GPS_LOCK","lat":28.68868,"lon":77.212895,"battery":62,"ts":1781258931113}
476	{"droneId":"drone_102","type":"BATTERY_LOW","lat":28.638998,"lon":77.224822,"battery":30,"ts":1781258931176}
477	{"droneId":"drone_104","type":"BATTERY_LOW","lat":28.613939,"lon":77.241636,"battery":44,"ts":1781258931238}
478	{"droneId":"drone_102","type":"RTL_ENGAGED","lat":28.692392,"lon":77.262606,"battery":67,"ts":1781258931300}
479	{"droneId":"drone_102","type":"GPS_LOCK","lat":28.621017,"lon":77.272238,"battery":60,"ts":1781258931361}
480	{"droneId":"drone_101","type":"RTL_ENGAGED","lat":28.692316,"lon":77.266598,"battery":14,"ts":1781258931424}
481	{"droneId":"drone_102","type":"REACHED_WAYPOINT","lat":28.683571,"lon":77.280164,"battery":22,"ts":1781258931486}
482	{"droneId":"drone_103","type":"GEOFENCE_BREACH","lat":28.679231,"lon":77.265317,"battery":30,"ts":1781258931547}
483	{"droneId":"drone_102","type":"ALTITUDE_HOLD","lat":28.65975,"lon":77.212344,"battery":24,"ts":1781258931609}
484	{"droneId":"drone_102","type":"REACHED_WAYPOINT","lat":28.685112,"lon":77.299688,"battery":98,"ts":1781258931670}
485	{"droneId":"drone_101","type":"GPS_LOCK","lat":28.642967,"lon":77.259878,"battery":40,"ts":1781258931731}
486	{"droneId":"drone_102","type":"GPS_LOCK","lat":28.69346,"lon":77.259776,"battery":34,"ts":1781258931791}
487	{"droneId":"drone_102","type":"BATTERY_LOW","lat":28.62617,"lon":77.235867,"battery":38,"ts":1781258931852}
488	{"droneId":"drone_103","type":"REACHED_WAYPOINT","lat":28.621956,"lon":77.264137,"battery":17,"ts":1781258931915}
489	{"droneId":"drone_101","type":"ALTITUDE_HOLD","lat":28.680275,"lon":77.213805,"battery":2,"ts":1781258931976}
490	{"droneId":"drone_103","type":"GEOFENCE_BREACH","lat":28.63836,"lon":77.278078,"battery":0,"ts":1781258932037}
491	{"droneId":"drone_101","type":"ALTITUDE_HOLD","lat":28.601632,"lon":77.248397,"battery":8,"ts":1781258932099}
492	{"droneId":"drone_101","type":"RTL_ENGAGED","lat":28.691162,"lon":77.243775,"battery":79,"ts":1781258932160}
493	{"droneId":"drone_102","type":"ALTITUDE_HOLD","lat":28.671279,"lon":77.221665,"battery":12,"ts":1781258932222}
494	{"droneId":"drone_102","type":"REACHED_WAYPOINT","lat":28.605786,"lon":77.252018,"battery":72,"ts":1781258932284}
495	{"droneId":"drone_102","type":"MISSION_COMPLETE","lat":28.677356,"lon":77.200691,"battery":14,"ts":1781258932345}
496	{"droneId":"drone_101","type":"MISSION_STARTED","lat":28.655947,"lon":77.281578,"battery":59,"ts":1781258932407}
497	{"droneId":"drone_101","type":"GPS_LOCK","lat":28.62535,"lon":77.229828,"battery":63,"ts":1781258932468}
498	{"droneId":"drone_104","type":"REACHED_WAYPOINT","lat":28.646925,"lon":77.205968,"battery":3,"ts":1781258932530}
499	{"droneId":"drone_101","type":"RTL_ENGAGED","lat":28.680476,"lon":77.252447,"battery":95,"ts":1781258932591}
500	{"droneId":"drone_102","type":"ALTITUDE_HOLD","lat":28.64016,"lon":77.219253,"battery":13,"ts":1781258932654}
501	{"droneId":"drone_101","type":"REACHED_WAYPOINT","lat":28.620595,"lon":77.291764,"battery":18,"ts":1781258932715}
502	{"droneId":"drone_101","type":"ALTITUDE_HOLD","lat":28.644232,"lon":77.291291,"battery":33,"ts":1781258932778}
503	{"droneId":"drone_102","type":"BATTERY_LOW","lat":28.698154,"lon":77.262961,"battery":66,"ts":1781258932840}
504	{"droneId":"drone_103","type":"GEOFENCE_BREACH","lat":28.614908,"lon":77.287362,"battery":52,"ts":1781258932902}
505	{"droneId":"drone_101","type":"MISSION_COMPLETE","lat":28.68969,"lon":77.206509,"battery":11,"ts":1781258932964}
506	{"droneId":"drone_103","type":"RTL_ENGAGED","lat":28.692158,"lon":77.231069,"battery":60,"ts":1781258933026}
507	{"droneId":"drone_104","type":"REACHED_WAYPOINT","lat":28.610287,"lon":77.257813,"battery":30,"ts":1781258933089}
508	{"droneId":"drone_103","type":"MISSION_COMPLETE","lat":28.689033,"lon":77.227951,"battery":11,"ts":1781258933151}
509	{"droneId":"drone_101","type":"GPS_LOCK","lat":28.606105,"lon":77.236711,"battery":50,"ts":1781258933213}
510	{"droneId":"drone_102","type":"MISSION_COMPLETE","lat":28.642213,"lon":77.231743,"battery":40,"ts":1781258933275}
511	{"droneId":"drone_103","type":"RTL_ENGAGED","lat":28.677385,"lon":77.211681,"battery":55,"ts":1781258933337}
512	{"droneId":"drone_102","type":"MISSION_COMPLETE","lat":28.628835,"lon":77.256783,"battery":80,"ts":1781258933399}
513	{"droneId":"drone_101","type":"MISSION_COMPLETE","lat":28.620042,"lon":77.209356,"battery":77,"ts":1781258933461}
514	{"droneId":"drone_103","type":"MISSION_COMPLETE","lat":28.64528,"lon":77.271539,"battery":35,"ts":1781258933524}
515	{"droneId":"drone_104","type":"REACHED_WAYPOINT","lat":28.645532,"lon":77.219848,"battery":19,"ts":1781258933585}
516	{"droneId":"drone_104","type":"ALTITUDE_HOLD","lat":28.628807,"lon":77.229875,"battery":73,"ts":1781258933648}
517	{"droneId":"drone_101","type":"GPS_LOCK","lat":28.648342,"lon":77.298788,"battery":44,"ts":1781258933710}
518	{"droneId":"drone_101","type":"BATTERY_LOW","lat":28.635082,"lon":77.221987,"battery":89,"ts":1781258933772}
519	{"droneId":"drone_101","type":"GEOFENCE_BREACH","lat":28.634393,"lon":77.200834,"battery":24,"ts":1781258933832}
520	{"droneId":"drone_101","type":"REACHED_WAYPOINT","lat":28.647921,"lon":77.210746,"battery":47,"ts":1781258933896}
521	{"droneId":"drone_104","type":"GPS_LOCK","lat":28.637928,"lon":77.202011,"battery":55,"ts":1781258933956}
522	{"droneId":"drone_104","type":"MISSION_COMPLETE","lat":28.652958,"lon":77.228498,"battery":93,"ts":1781258934018}
523	{"droneId":"drone_103","type":"RTL_ENGAGED","lat":28.679868,"lon":77.297103,"battery":35,"ts":1781258934080}
524	{"droneId":"drone_103","type":"RTL_ENGAGED","lat":28.68462,"lon":77.254054,"battery":51,"ts":1781258934142}
525	{"droneId":"drone_101","type":"REACHED_WAYPOINT","lat":28.65866,"lon":77.212672,"battery":5,"ts":1781258934204}
526	{"droneId":"drone_104","type":"MISSION_COMPLETE","lat":28.620659,"lon":77.288521,"battery":87,"ts":1781258934267}
527	{"droneId":"drone_102","type":"BATTERY_LOW","lat":28.612871,"lon":77.275693,"battery":83,"ts":1781258934329}
528	{"droneId":"drone_102","type":"RTL_ENGAGED","lat":28.698589,"lon":77.256197,"battery":56,"ts":1781258934391}
529	{"droneId":"drone_101","type":"GEOFENCE_BREACH","lat":28.673137,"lon":77.226575,"battery":40,"ts":1781258934453}
530	{"droneId":"drone_104","type":"RTL_ENGAGED","lat":28.684283,"lon":77.255104,"battery":87,"ts":1781258934514}
531	{"droneId":"drone_102","type":"RTL_ENGAGED","lat":28.679861,"lon":77.292829,"battery":44,"ts":1781258934576}
532	{"droneId":"drone_101","type":"MISSION_STARTED","lat":28.659406,"lon":77.257372,"battery":48,"ts":1781258934636}
533	{"droneId":"drone_102","type":"MISSION_COMPLETE","lat":28.698126,"lon":77.250717,"battery":53,"ts":1781258934698}
534	{"droneId":"drone_101","type":"REACHED_WAYPOINT","lat":28.605041,"lon":77.204413,"battery":98,"ts":1781258934760}
535	{"droneId":"drone_103","type":"MISSION_STARTED","lat":28.613082,"lon":77.202475,"battery":15,"ts":1781258934822}
536	{"droneId":"drone_103","type":"GEOFENCE_BREACH","lat":28.602828,"lon":77.211185,"battery":96,"ts":1781258934883}
537	{"droneId":"drone_103","type":"MISSION_STARTED","lat":28.651404,"lon":77.249221,"battery":26,"ts":1781258934944}
538	{"droneId":"drone_102","type":"BATTERY_LOW","lat":28.639674,"lon":77.285857,"battery":35,"ts":1781258935006}
539	{"droneId":"drone_102","type":"GEOFENCE_BREACH","lat":28.698759,"lon":77.201819,"battery":11,"ts":1781258935067}
540	{"droneId":"drone_103","type":"MISSION_COMPLETE","lat":28.602376,"lon":77.234754,"battery":2,"ts":1781258935128}
541	{"droneId":"drone_102","type":"ALTITUDE_HOLD","lat":28.608438,"lon":77.258628,"battery":32,"ts":1781258935189}
542	{"droneId":"drone_104","type":"REACHED_WAYPOINT","lat":28.651524,"lon":77.24309,"battery":44,"ts":1781258935249}
543	{"droneId":"drone_104","type":"ALTITUDE_HOLD","lat":28.67942,"lon":77.245047,"battery":34,"ts":1781258935312}
544	{"droneId":"drone_104","type":"GEOFENCE_BREACH","lat":28.670521,"lon":77.232047,"battery":77,"ts":1781258935375}
545	{"droneId":"drone_102","type":"RTL_ENGAGED","lat":28.674456,"lon":77.22758,"battery":85,"ts":1781258935438}
546	{"droneId":"drone_102","type":"REACHED_WAYPOINT","lat":28.605711,"lon":77.2593,"battery":69,"ts":1781258935500}
547	{"droneId":"drone_103","type":"REACHED_WAYPOINT","lat":28.65035,"lon":77.274881,"battery":65,"ts":1781258935561}
548	{"droneId":"drone_104","type":"GPS_LOCK","lat":28.669007,"lon":77.204513,"battery":86,"ts":1781258935622}
549	{"droneId":"drone_104","type":"REACHED_WAYPOINT","lat":28.691279,"lon":77.213823,"battery":54,"ts":1781258935685}
550	{"droneId":"drone_102","type":"RTL_ENGAGED","lat":28.618323,"lon":77.22598,"battery":73,"ts":1781258935747}
551	{"droneId":"drone_104","type":"GPS_LOCK","lat":28.671923,"lon":77.256122,"battery":67,"ts":1781258935810}
552	{"droneId":"drone_104","type":"REACHED_WAYPOINT","lat":28.623922,"lon":77.203178,"battery":40,"ts":1781258935873}
553	{"droneId":"drone_102","type":"REACHED_WAYPOINT","lat":28.674533,"lon":77.209707,"battery":55,"ts":1781258935935}
554	{"droneId":"drone_102","type":"ALTITUDE_HOLD","lat":28.653544,"lon":77.230141,"battery":1,"ts":1781258935998}
555	{"droneId":"drone_103","type":"ALTITUDE_HOLD","lat":28.626774,"lon":77.285945,"battery":85,"ts":1781258936060}
556	{"droneId":"drone_101","type":"MISSION_COMPLETE","lat":28.663567,"lon":77.245026,"battery":21,"ts":1781258936122}
557	{"droneId":"drone_102","type":"GPS_LOCK","lat":28.691544,"lon":77.245212,"battery":17,"ts":1781258936184}
558	{"droneId":"drone_103","type":"MISSION_COMPLETE","lat":28.601895,"lon":77.257022,"battery":33,"ts":1781258936245}
559	{"droneId":"drone_104","type":"GPS_LOCK","lat":28.604129,"lon":77.215471,"battery":90,"ts":1781258936305}
560	{"droneId":"drone_102","type":"REACHED_WAYPOINT","lat":28.674208,"lon":77.2142,"battery":78,"ts":1781258936368}
561	{"droneId":"drone_101","type":"REACHED_WAYPOINT","lat":28.613632,"lon":77.235113,"battery":62,"ts":1781258936429}
562	{"droneId":"drone_101","type":"BATTERY_LOW","lat":28.654539,"lon":77.246761,"battery":98,"ts":1781258936491}
563	{"droneId":"drone_101","type":"RTL_ENGAGED","lat":28.653742,"lon":77.270321,"battery":8,"ts":1781258936553}
564	{"droneId":"drone_101","type":"GEOFENCE_BREACH","lat":28.640612,"lon":77.239337,"battery":61,"ts":1781258936614}
565	{"droneId":"drone_104","type":"BATTERY_LOW","lat":28.618901,"lon":77.21522,"battery":62,"ts":1781258936677}
566	{"droneId":"drone_102","type":"GEOFENCE_BREACH","lat":28.620668,"lon":77.243855,"battery":25,"ts":1781258936739}
567	{"droneId":"drone_103","type":"MISSION_STARTED","lat":28.67209,"lon":77.230068,"battery":7,"ts":1781258936800}
568	{"droneId":"drone_104","type":"GEOFENCE_BREACH","lat":28.69803,"lon":77.270981,"battery":22,"ts":1781258936863}
569	{"droneId":"drone_102","type":"RTL_ENGAGED","lat":28.618425,"lon":77.28452,"battery":16,"ts":1781258936926}
570	{"droneId":"drone_104","type":"MISSION_COMPLETE","lat":28.683767,"lon":77.235456,"battery":97,"ts":1781258936988}
571	{"droneId":"drone_104","type":"GEOFENCE_BREACH","lat":28.650141,"lon":77.279744,"battery":99,"ts":1781258937051}
572	{"droneId":"drone_103","type":"GPS_LOCK","lat":28.678493,"lon":77.246429,"battery":7,"ts":1781258937113}
573	{"droneId":"drone_102","type":"MISSION_COMPLETE","lat":28.654448,"lon":77.213699,"battery":71,"ts":1781258937175}
574	{"droneId":"drone_101","type":"RTL_ENGAGED","lat":28.65235,"lon":77.293783,"battery":83,"ts":1781258937237}
575	{"droneId":"drone_101","type":"ALTITUDE_HOLD","lat":28.637117,"lon":77.207662,"battery":30,"ts":1781258937300}
576	{"droneId":"drone_104","type":"MISSION_STARTED","lat":28.673687,"lon":77.261861,"battery":74,"ts":1781258937361}
577	{"droneId":"drone_104","type":"BATTERY_LOW","lat":28.642916,"lon":77.233909,"battery":1,"ts":1781258937423}
578	{"droneId":"drone_104","type":"BATTERY_LOW","lat":28.698077,"lon":77.275442,"battery":12,"ts":1781258937485}
579	{"droneId":"drone_103","type":"MISSION_STARTED","lat":28.620822,"lon":77.281235,"battery":71,"ts":1781258937549}
580	{"droneId":"drone_103","type":"MISSION_COMPLETE","lat":28.619511,"lon":77.209971,"battery":60,"ts":1781258937611}
581	{"droneId":"drone_103","type":"BATTERY_LOW","lat":28.623628,"lon":77.248906,"battery":82,"ts":1781258937673}
582	{"droneId":"drone_103","type":"REACHED_WAYPOINT","lat":28.615791,"lon":77.234545,"battery":65,"ts":1781258937736}
583	{"droneId":"drone_103","type":"REACHED_WAYPOINT","lat":28.670744,"lon":77.225444,"battery":76,"ts":1781258937798}
584	{"droneId":"drone_103","type":"GEOFENCE_BREACH","lat":28.608789,"lon":77.23497,"battery":44,"ts":1781258937860}
585	{"droneId":"drone_103","type":"ALTITUDE_HOLD","lat":28.694819,"lon":77.222173,"battery":56,"ts":1781258937922}
586	{"droneId":"drone_104","type":"GPS_LOCK","lat":28.69868,"lon":77.249669,"battery":44,"ts":1781258937985}
587	{"droneId":"drone_101","type":"BATTERY_LOW","lat":28.670727,"lon":77.2932,"battery":78,"ts":1781258938046}
588	{"droneId":"drone_104","type":"GEOFENCE_BREACH","lat":28.697307,"lon":77.265859,"battery":59,"ts":1781258938109}
589	{"droneId":"drone_101","type":"GPS_LOCK","lat":28.626539,"lon":77.242311,"battery":99,"ts":1781258938171}
590	{"droneId":"drone_102","type":"ALTITUDE_HOLD","lat":28.608041,"lon":77.223672,"battery":84,"ts":1781258938234}
591	{"droneId":"drone_101","type":"MISSION_COMPLETE","lat":28.615104,"lon":77.203737,"battery":36,"ts":1781258938295}
592	{"droneId":"drone_104","type":"RTL_ENGAGED","lat":28.609838,"lon":77.297883,"battery":67,"ts":1781258938358}
593	{"droneId":"drone_101","type":"GEOFENCE_BREACH","lat":28.658381,"lon":77.202245,"battery":90,"ts":1781258938422}
594	{"droneId":"drone_103","type":"BATTERY_LOW","lat":28.64371,"lon":77.220512,"battery":2,"ts":1781258938482}
595	{"droneId":"drone_104","type":"ALTITUDE_HOLD","lat":28.664229,"lon":77.224991,"battery":30,"ts":1781258938544}
596	{"droneId":"drone_103","type":"ALTITUDE_HOLD","lat":28.699452,"lon":77.279339,"battery":27,"ts":1781258938607}
597	{"droneId":"drone_101","type":"MISSION_COMPLETE","lat":28.627767,"lon":77.25995,"battery":33,"ts":1781258938669}
598	{"droneId":"drone_102","type":"RTL_ENGAGED","lat":28.693862,"lon":77.29819,"battery":80,"ts":1781258938730}
599	{"droneId":"drone_104","type":"REACHED_WAYPOINT","lat":28.687361,"lon":77.243848,"battery":49,"ts":1781258938791}
600	{"droneId":"drone_104","type":"REACHED_WAYPOINT","lat":28.656203,"lon":77.226997,"battery":38,"ts":1781258938853}
601	{"droneId":"drone_104","type":"RTL_ENGAGED","lat":28.645815,"lon":77.203408,"battery":81,"ts":1781258938916}
602	{"droneId":"drone_101","type":"RTL_ENGAGED","lat":28.649791,"lon":77.21778,"battery":85,"ts":1781258938977}
603	{"droneId":"drone_103","type":"RTL_ENGAGED","lat":28.616654,"lon":77.287646,"battery":4,"ts":1781258939039}
604	{"droneId":"drone_103","type":"GEOFENCE_BREACH","lat":28.648116,"lon":77.240041,"battery":55,"ts":1781258939101}
605	{"droneId":"drone_104","type":"GEOFENCE_BREACH","lat":28.620522,"lon":77.226494,"battery":31,"ts":1781258939162}
606	{"droneId":"drone_101","type":"REACHED_WAYPOINT","lat":28.662329,"lon":77.232058,"battery":18,"ts":1781258939224}
607	{"droneId":"drone_101","type":"MISSION_COMPLETE","lat":28.666814,"lon":77.263889,"battery":46,"ts":1781258939285}
608	{"droneId":"drone_101","type":"RTL_ENGAGED","lat":28.638725,"lon":77.285428,"battery":64,"ts":1781258939348}
609	{"droneId":"drone_101","type":"BATTERY_LOW","lat":28.619871,"lon":77.285931,"battery":15,"ts":1781258939410}
610	{"droneId":"drone_103","type":"MISSION_STARTED","lat":28.684805,"lon":77.260618,"battery":61,"ts":1781258939474}
611	{"droneId":"drone_102","type":"MISSION_COMPLETE","lat":28.637913,"lon":77.294033,"battery":81,"ts":1781258939536}
612	{"droneId":"drone_104","type":"ALTITUDE_HOLD","lat":28.661249,"lon":77.207027,"battery":17,"ts":1781258939597}
613	{"droneId":"drone_102","type":"BATTERY_LOW","lat":28.650681,"lon":77.298583,"battery":34,"ts":1781258939659}
614	{"droneId":"drone_103","type":"MISSION_STARTED","lat":28.62934,"lon":77.228388,"battery":30,"ts":1781258939721}
615	{"droneId":"drone_103","type":"RTL_ENGAGED","lat":28.600336,"lon":77.28241,"battery":37,"ts":1781258939783}
616	{"droneId":"drone_101","type":"GPS_LOCK","lat":28.634689,"lon":77.206235,"battery":34,"ts":1781258939845}
617	{"droneId":"drone_104","type":"ALTITUDE_HOLD","lat":28.654757,"lon":77.234041,"battery":77,"ts":1781258939908}
618	{"droneId":"drone_102","type":"RTL_ENGAGED","lat":28.617801,"lon":77.274421,"battery":77,"ts":1781258939970}
619	{"droneId":"drone_103","type":"GEOFENCE_BREACH","lat":28.658095,"lon":77.285352,"battery":77,"ts":1781258940033}
620	{"droneId":"drone_104","type":"ALTITUDE_HOLD","lat":28.644077,"lon":77.29016,"battery":41,"ts":1781258940096}
621	{"droneId":"drone_101","type":"GPS_LOCK","lat":28.628409,"lon":77.284651,"battery":43,"ts":1781258940159}
622	{"droneId":"drone_102","type":"GEOFENCE_BREACH","lat":28.67485,"lon":77.271524,"battery":78,"ts":1781258940220}
623	{"droneId":"drone_103","type":"MISSION_COMPLETE","lat":28.636868,"lon":77.279535,"battery":19,"ts":1781258940283}
624	{"droneId":"drone_104","type":"MISSION_STARTED","lat":28.668783,"lon":77.270579,"battery":49,"ts":1781258940344}
625	{"droneId":"drone_102","type":"MISSION_COMPLETE","lat":28.627582,"lon":77.200937,"battery":31,"ts":1781258940407}
626	{"droneId":"drone_104","type":"MISSION_COMPLETE","lat":28.61451,"lon":77.281174,"battery":72,"ts":1781258940469}
627	{"droneId":"drone_103","type":"MISSION_COMPLETE","lat":28.674267,"lon":77.236722,"battery":12,"ts":1781258940530}
628	{"droneId":"drone_101","type":"GEOFENCE_BREACH","lat":28.671504,"lon":77.200913,"battery":60,"ts":1781258940594}
629	{"droneId":"drone_102","type":"BATTERY_LOW","lat":28.638503,"lon":77.202353,"battery":38,"ts":1781258940656}
630	{"droneId":"drone_101","type":"RTL_ENGAGED","lat":28.60423,"lon":77.269229,"battery":96,"ts":1781258940717}
631	{"droneId":"drone_104","type":"MISSION_COMPLETE","lat":28.626988,"lon":77.299203,"battery":55,"ts":1781258940778}
632	{"droneId":"drone_104","type":"BATTERY_LOW","lat":28.667532,"lon":77.28878,"battery":69,"ts":1781258940840}
633	{"droneId":"drone_101","type":"GEOFENCE_BREACH","lat":28.624734,"lon":77.21667,"battery":78,"ts":1781258940902}
634	{"droneId":"drone_104","type":"MISSION_STARTED","lat":28.606049,"lon":77.208294,"battery":19,"ts":1781258940964}
635	{"droneId":"drone_101","type":"MISSION_COMPLETE","lat":28.616211,"lon":77.249672,"battery":29,"ts":1781258941027}
636	{"droneId":"drone_103","type":"GEOFENCE_BREACH","lat":28.605573,"lon":77.285415,"battery":10,"ts":1781258941089}
637	{"droneId":"drone_102","type":"REACHED_WAYPOINT","lat":28.684516,"lon":77.243535,"battery":99,"ts":1781258941152}
638	{"droneId":"drone_102","type":"REACHED_WAYPOINT","lat":28.620338,"lon":77.297377,"battery":88,"ts":1781258941215}
639	{"droneId":"drone_104","type":"REACHED_WAYPOINT","lat":28.637191,"lon":77.212105,"battery":72,"ts":1781258941277}
640	{"droneId":"drone_102","type":"GEOFENCE_BREACH","lat":28.650836,"lon":77.279111,"battery":40,"ts":1781258941339}
641	{"droneId":"drone_104","type":"REACHED_WAYPOINT","lat":28.614282,"lon":77.201217,"battery":51,"ts":1781258941401}
642	{"droneId":"drone_104","type":"ALTITUDE_HOLD","lat":28.678425,"lon":77.256877,"battery":60,"ts":1781258941462}
643	{"droneId":"drone_103","type":"REACHED_WAYPOINT","lat":28.665082,"lon":77.202872,"battery":29,"ts":1781258941524}
644	{"droneId":"drone_101","type":"MISSION_COMPLETE","lat":28.643262,"lon":77.254501,"battery":69,"ts":1781258941585}
645	{"droneId":"drone_101","type":"BATTERY_LOW","lat":28.69754,"lon":77.288359,"battery":43,"ts":1781258941648}
646	{"droneId":"drone_104","type":"GPS_LOCK","lat":28.669759,"lon":77.239048,"battery":79,"ts":1781258941710}
647	{"droneId":"drone_101","type":"ALTITUDE_HOLD","lat":28.685644,"lon":77.299005,"battery":11,"ts":1781258941773}
648	{"droneId":"drone_102","type":"ALTITUDE_HOLD","lat":28.644704,"lon":77.206833,"battery":83,"ts":1781258941835}
649	{"droneId":"drone_102","type":"BATTERY_LOW","lat":28.630797,"lon":77.270651,"battery":2,"ts":1781258941897}
650	{"droneId":"drone_103","type":"GEOFENCE_BREACH","lat":28.655171,"lon":77.249517,"battery":69,"ts":1781258941961}
651	{"droneId":"drone_104","type":"ALTITUDE_HOLD","lat":28.682662,"lon":77.232503,"battery":33,"ts":1781258942023}
652	{"droneId":"drone_104","type":"MISSION_STARTED","lat":28.6724,"lon":77.241487,"battery":13,"ts":1781258942085}
653	{"droneId":"drone_104","type":"GEOFENCE_BREACH","lat":28.648931,"lon":77.221605,"battery":77,"ts":1781258942146}
654	{"droneId":"drone_103","type":"MISSION_STARTED","lat":28.611968,"lon":77.23731,"battery":34,"ts":1781258942209}
655	{"droneId":"drone_101","type":"REACHED_WAYPOINT","lat":28.660025,"lon":77.205923,"battery":88,"ts":1781258942271}
656	{"droneId":"drone_104","type":"ALTITUDE_HOLD","lat":28.673734,"lon":77.236295,"battery":30,"ts":1781258942333}
657	{"droneId":"drone_101","type":"REACHED_WAYPOINT","lat":28.665997,"lon":77.244837,"battery":43,"ts":1781258942395}
658	{"droneId":"drone_104","type":"MISSION_COMPLETE","lat":28.611456,"lon":77.238594,"battery":71,"ts":1781258942458}
659	{"droneId":"drone_104","type":"ALTITUDE_HOLD","lat":28.604832,"lon":77.261722,"battery":47,"ts":1781258942520}
660	{"droneId":"drone_102","type":"ALTITUDE_HOLD","lat":28.64641,"lon":77.223785,"battery":78,"ts":1781258942582}
661	{"droneId":"drone_102","type":"MISSION_COMPLETE","lat":28.691556,"lon":77.251125,"battery":93,"ts":1781258942642}
662	{"droneId":"drone_104","type":"GPS_LOCK","lat":28.694235,"lon":77.257199,"battery":58,"ts":1781258942705}
663	{"droneId":"drone_101","type":"RTL_ENGAGED","lat":28.648037,"lon":77.207328,"battery":89,"ts":1781258942766}
664	{"droneId":"drone_101","type":"MISSION_STARTED","lat":28.672243,"lon":77.221252,"battery":85,"ts":1781258942829}
665	{"droneId":"drone_103","type":"MISSION_COMPLETE","lat":28.673071,"lon":77.232748,"battery":9,"ts":1781258942891}
666	{"droneId":"drone_101","type":"GPS_LOCK","lat":28.639143,"lon":77.220874,"battery":89,"ts":1781258942953}
667	{"droneId":"drone_101","type":"MISSION_STARTED","lat":28.643186,"lon":77.233991,"battery":12,"ts":1781258943016}
668	{"droneId":"drone_104","type":"BATTERY_LOW","lat":28.616924,"lon":77.277242,"battery":16,"ts":1781258943080}
669	{"droneId":"drone_104","type":"ALTITUDE_HOLD","lat":28.655494,"lon":77.284733,"battery":81,"ts":1781258943142}
670	{"droneId":"drone_103","type":"GEOFENCE_BREACH","lat":28.637958,"lon":77.238041,"battery":40,"ts":1781258943204}
671	{"droneId":"drone_104","type":"ALTITUDE_HOLD","lat":28.655168,"lon":77.294594,"battery":30,"ts":1781258943267}
672	{"droneId":"drone_104","type":"REACHED_WAYPOINT","lat":28.672417,"lon":77.205265,"battery":1,"ts":1781258943329}
673	{"droneId":"drone_104","type":"MISSION_STARTED","lat":28.604853,"lon":77.2418,"battery":1,"ts":1781258943391}
674	{"droneId":"drone_101","type":"MISSION_COMPLETE","lat":28.61152,"lon":77.257048,"battery":7,"ts":1781258943454}
675	{"droneId":"drone_101","type":"GPS_LOCK","lat":28.695332,"lon":77.240746,"battery":95,"ts":1781258943515}
676	{"droneId":"drone_104","type":"REACHED_WAYPOINT","lat":28.675104,"lon":77.202422,"battery":92,"ts":1781258943578}
677	{"droneId":"drone_102","type":"MISSION_STARTED","lat":28.666168,"lon":77.248255,"battery":89,"ts":1781258943640}
678	{"droneId":"drone_102","type":"REACHED_WAYPOINT","lat":28.657122,"lon":77.290794,"battery":70,"ts":1781258943702}
679	{"droneId":"drone_103","type":"REACHED_WAYPOINT","lat":28.698216,"lon":77.226003,"battery":60,"ts":1781258943764}
680	{"droneId":"drone_101","type":"BATTERY_LOW","lat":28.611796,"lon":77.264983,"battery":30,"ts":1781258943826}
681	{"droneId":"drone_103","type":"REACHED_WAYPOINT","lat":28.691524,"lon":77.266589,"battery":21,"ts":1781258943888}
682	{"droneId":"drone_103","type":"ALTITUDE_HOLD","lat":28.62988,"lon":77.228296,"battery":9,"ts":1781258943950}
683	{"droneId":"drone_104","type":"BATTERY_LOW","lat":28.686058,"lon":77.263024,"battery":54,"ts":1781258944012}
684	{"droneId":"drone_102","type":"MISSION_STARTED","lat":28.603398,"lon":77.249338,"battery":82,"ts":1781258944074}
685	{"droneId":"drone_102","type":"BATTERY_LOW","lat":28.640409,"lon":77.239164,"battery":97,"ts":1781258944137}
686	{"droneId":"drone_101","type":"GEOFENCE_BREACH","lat":28.667005,"lon":77.221591,"battery":21,"ts":1781258944199}
687	{"droneId":"drone_103","type":"GEOFENCE_BREACH","lat":28.693859,"lon":77.227231,"battery":4,"ts":1781258944262}
688	{"droneId":"drone_101","type":"REACHED_WAYPOINT","lat":28.673983,"lon":77.20744,"battery":11,"ts":1781258944324}
689	{"droneId":"drone_104","type":"GPS_LOCK","lat":28.621271,"lon":77.205906,"battery":75,"ts":1781258944385}
690	{"droneId":"drone_102","type":"MISSION_COMPLETE","lat":28.653097,"lon":77.215088,"battery":12,"ts":1781258944446}
691	{"droneId":"drone_101","type":"REACHED_WAYPOINT","lat":28.679597,"lon":77.218609,"battery":49,"ts":1781258944507}
692	{"droneId":"drone_101","type":"MISSION_STARTED","lat":28.653938,"lon":77.240915,"battery":65,"ts":1781258944569}
693	{"droneId":"drone_103","type":"ALTITUDE_HOLD","lat":28.650227,"lon":77.280068,"battery":38,"ts":1781258944631}
694	{"droneId":"drone_101","type":"REACHED_WAYPOINT","lat":28.619289,"lon":77.233549,"battery":15,"ts":1781258944694}
695	{"droneId":"drone_104","type":"ALTITUDE_HOLD","lat":28.679162,"lon":77.266682,"battery":67,"ts":1781258944756}
696	{"droneId":"drone_101","type":"MISSION_COMPLETE","lat":28.642285,"lon":77.258166,"battery":73,"ts":1781258944818}
697	{"droneId":"drone_102","type":"ALTITUDE_HOLD","lat":28.627782,"lon":77.201773,"battery":58,"ts":1781258944880}
698	{"droneId":"drone_102","type":"REACHED_WAYPOINT","lat":28.667289,"lon":77.23123,"battery":67,"ts":1781258944943}
699	{"droneId":"drone_102","type":"GPS_LOCK","lat":28.626814,"lon":77.220956,"battery":66,"ts":1781258945004}
700	{"droneId":"drone_103","type":"BATTERY_LOW","lat":28.691296,"lon":77.229542,"battery":64,"ts":1781258945066}
701	{"droneId":"drone_103","type":"REACHED_WAYPOINT","lat":28.615255,"lon":77.24127,"battery":94,"ts":1781258945127}
702	{"droneId":"drone_103","type":"GEOFENCE_BREACH","lat":28.64824,"lon":77.210755,"battery":51,"ts":1781258945189}
703	{"droneId":"drone_101","type":"MISSION_STARTED","lat":28.602928,"lon":77.299331,"battery":58,"ts":1781258945251}
704	{"droneId":"drone_101","type":"BATTERY_LOW","lat":28.622716,"lon":77.298699,"battery":60,"ts":1781258945314}
705	{"droneId":"drone_101","type":"RTL_ENGAGED","lat":28.649324,"lon":77.293388,"battery":74,"ts":1781258945376}
706	{"droneId":"drone_101","type":"REACHED_WAYPOINT","lat":28.674995,"lon":77.250746,"battery":10,"ts":1781258945437}
707	{"droneId":"drone_103","type":"MISSION_STARTED","lat":28.641827,"lon":77.277572,"battery":97,"ts":1781258945497}
708	{"droneId":"drone_101","type":"ALTITUDE_HOLD","lat":28.655238,"lon":77.266096,"battery":40,"ts":1781258945559}
709	{"droneId":"drone_102","type":"RTL_ENGAGED","lat":28.63748,"lon":77.211955,"battery":16,"ts":1781258945621}
710	{"droneId":"drone_103","type":"GPS_LOCK","lat":28.617879,"lon":77.257159,"battery":99,"ts":1781258945682}
711	{"droneId":"drone_101","type":"BATTERY_LOW","lat":28.634023,"lon":77.288402,"battery":87,"ts":1781258945744}
712	{"droneId":"drone_103","type":"REACHED_WAYPOINT","lat":28.682765,"lon":77.299151,"battery":4,"ts":1781258945807}
713	{"droneId":"drone_102","type":"MISSION_STARTED","lat":28.62038,"lon":77.25894,"battery":74,"ts":1781258945870}
714	{"droneId":"drone_104","type":"BATTERY_LOW","lat":28.661658,"lon":77.210068,"battery":50,"ts":1781258945933}
715	{"droneId":"drone_104","type":"GPS_LOCK","lat":28.62558,"lon":77.218927,"battery":86,"ts":1781258945994}
716	{"droneId":"drone_104","type":"MISSION_COMPLETE","lat":28.637766,"lon":77.239869,"battery":33,"ts":1781258946056}
717	{"droneId":"drone_103","type":"GPS_LOCK","lat":28.699063,"lon":77.29112,"battery":64,"ts":1781258946117}
718	{"droneId":"drone_104","type":"GPS_LOCK","lat":28.687422,"lon":77.213112,"battery":47,"ts":1781258946180}
719	{"droneId":"drone_102","type":"MISSION_STARTED","lat":28.643394,"lon":77.29394,"battery":76,"ts":1781258946242}
720	{"droneId":"drone_103","type":"BATTERY_LOW","lat":28.639171,"lon":77.212402,"battery":50,"ts":1781258946304}
721	{"droneId":"drone_101","type":"ALTITUDE_HOLD","lat":28.643214,"lon":77.281342,"battery":72,"ts":1781258946367}
722	{"droneId":"drone_101","type":"MISSION_COMPLETE","lat":28.66398,"lon":77.256364,"battery":11,"ts":1781258946429}
723	{"droneId":"drone_101","type":"BATTERY_LOW","lat":28.642546,"lon":77.266239,"battery":75,"ts":1781258946491}
724	{"droneId":"drone_104","type":"BATTERY_LOW","lat":28.632003,"lon":77.201259,"battery":31,"ts":1781258946553}
725	{"droneId":"drone_102","type":"RTL_ENGAGED","lat":28.655484,"lon":77.292509,"battery":97,"ts":1781258946616}
726	{"droneId":"drone_102","type":"GPS_LOCK","lat":28.649701,"lon":77.287728,"battery":8,"ts":1781258946679}
727	{"droneId":"drone_103","type":"RTL_ENGAGED","lat":28.691758,"lon":77.202576,"battery":63,"ts":1781258946743}
728	{"droneId":"drone_101","type":"ALTITUDE_HOLD","lat":28.668881,"lon":77.251233,"battery":93,"ts":1781258946804}
729	{"droneId":"drone_101","type":"RTL_ENGAGED","lat":28.670384,"lon":77.241258,"battery":60,"ts":1781258946866}
730	{"droneId":"drone_103","type":"MISSION_STARTED","lat":28.649778,"lon":77.248465,"battery":23,"ts":1781258946928}
731	{"droneId":"drone_104","type":"MISSION_COMPLETE","lat":28.694583,"lon":77.296363,"battery":60,"ts":1781258946990}
732	{"droneId":"drone_103","type":"MISSION_STARTED","lat":28.613662,"lon":77.240636,"battery":83,"ts":1781258947052}
733	{"droneId":"drone_103","type":"MISSION_STARTED","lat":28.631685,"lon":77.254173,"battery":53,"ts":1781258947114}
734	{"droneId":"drone_103","type":"REACHED_WAYPOINT","lat":28.610519,"lon":77.229939,"battery":59,"ts":1781258947176}
735	{"droneId":"drone_102","type":"MISSION_STARTED","lat":28.664539,"lon":77.242309,"battery":44,"ts":1781258947236}
736	{"droneId":"drone_103","type":"MISSION_STARTED","lat":28.676539,"lon":77.268828,"battery":85,"ts":1781258947298}
737	{"droneId":"drone_103","type":"REACHED_WAYPOINT","lat":28.606868,"lon":77.21351,"battery":14,"ts":1781258947360}
738	{"droneId":"drone_102","type":"ALTITUDE_HOLD","lat":28.643401,"lon":77.242734,"battery":48,"ts":1781258947421}
739	{"droneId":"drone_101","type":"MISSION_COMPLETE","lat":28.639368,"lon":77.241577,"battery":80,"ts":1781258947483}
740	{"droneId":"drone_103","type":"MISSION_STARTED","lat":28.608926,"lon":77.225468,"battery":65,"ts":1781258947545}
741	{"droneId":"drone_103","type":"GEOFENCE_BREACH","lat":28.641078,"lon":77.276293,"battery":7,"ts":1781258947606}
742	{"droneId":"drone_102","type":"ALTITUDE_HOLD","lat":28.627023,"lon":77.21051,"battery":12,"ts":1781258947667}
743	{"droneId":"drone_103","type":"BATTERY_LOW","lat":28.626032,"lon":77.217056,"battery":68,"ts":1781258947729}
744	{"droneId":"drone_103","type":"BATTERY_LOW","lat":28.690967,"lon":77.232232,"battery":21,"ts":1781258947792}
745	{"droneId":"drone_102","type":"ALTITUDE_HOLD","lat":28.642191,"lon":77.275128,"battery":17,"ts":1781258947855}
746	{"droneId":"drone_101","type":"GPS_LOCK","lat":28.644281,"lon":77.271147,"battery":59,"ts":1781258947918}
747	{"droneId":"drone_101","type":"MISSION_STARTED","lat":28.600447,"lon":77.241077,"battery":81,"ts":1781258947980}
748	{"droneId":"drone_102","type":"MISSION_STARTED","lat":28.645247,"lon":77.272326,"battery":61,"ts":1781258948043}
749	{"droneId":"drone_103","type":"MISSION_STARTED","lat":28.660609,"lon":77.204991,"battery":51,"ts":1781258948106}
750	{"droneId":"drone_102","type":"RTL_ENGAGED","lat":28.626318,"lon":77.215502,"battery":49,"ts":1781258948167}
751	{"droneId":"drone_104","type":"MISSION_STARTED","lat":28.648948,"lon":77.268421,"battery":18,"ts":1781258948230}
752	{"droneId":"drone_104","type":"GEOFENCE_BREACH","lat":28.690662,"lon":77.297312,"battery":96,"ts":1781258948293}
753	{"droneId":"drone_104","type":"GEOFENCE_BREACH","lat":28.687431,"lon":77.276822,"battery":5,"ts":1781258948354}
754	{"droneId":"drone_101","type":"REACHED_WAYPOINT","lat":28.60275,"lon":77.266221,"battery":7,"ts":1781258948417}
755	{"droneId":"drone_103","type":"ALTITUDE_HOLD","lat":28.633413,"lon":77.252529,"battery":71,"ts":1781258948479}
756	{"droneId":"drone_104","type":"BATTERY_LOW","lat":28.616426,"lon":77.298288,"battery":13,"ts":1781258948540}
757	{"droneId":"drone_101","type":"MISSION_STARTED","lat":28.687351,"lon":77.240563,"battery":36,"ts":1781258948602}
758	{"droneId":"drone_102","type":"GPS_LOCK","lat":28.644253,"lon":77.293037,"battery":8,"ts":1781258948664}
759	{"droneId":"drone_103","type":"RTL_ENGAGED","lat":28.695257,"lon":77.275251,"battery":32,"ts":1781258948726}
760	{"droneId":"drone_102","type":"MISSION_COMPLETE","lat":28.675591,"lon":77.291828,"battery":99,"ts":1781258948789}
761	{"droneId":"drone_103","type":"MISSION_COMPLETE","lat":28.623491,"lon":77.273389,"battery":49,"ts":1781258948852}
762	{"droneId":"drone_104","type":"REACHED_WAYPOINT","lat":28.639643,"lon":77.233279,"battery":27,"ts":1781258948914}
763	{"droneId":"drone_102","type":"MISSION_COMPLETE","lat":28.688263,"lon":77.237861,"battery":43,"ts":1781258948974}
764	{"droneId":"drone_103","type":"REACHED_WAYPOINT","lat":28.644078,"lon":77.211124,"battery":58,"ts":1781258949036}
765	{"droneId":"drone_101","type":"MISSION_COMPLETE","lat":28.698687,"lon":77.25047,"battery":58,"ts":1781258949098}
766	{"droneId":"drone_104","type":"BATTERY_LOW","lat":28.686587,"lon":77.212163,"battery":63,"ts":1781258949160}
767	{"droneId":"drone_104","type":"REACHED_WAYPOINT","lat":28.628472,"lon":77.287086,"battery":68,"ts":1781258949222}
768	{"droneId":"drone_101","type":"RTL_ENGAGED","lat":28.687178,"lon":77.299592,"battery":48,"ts":1781258949285}
769	{"droneId":"drone_102","type":"GEOFENCE_BREACH","lat":28.672336,"lon":77.266472,"battery":23,"ts":1781258949346}
770	{"droneId":"drone_101","type":"BATTERY_LOW","lat":28.643815,"lon":77.238536,"battery":8,"ts":1781258949408}
771	{"droneId":"drone_102","type":"MISSION_STARTED","lat":28.60689,"lon":77.230092,"battery":92,"ts":1781258949470}
772	{"droneId":"drone_101","type":"MISSION_STARTED","lat":28.681677,"lon":77.270355,"battery":72,"ts":1781258949532}
773	{"droneId":"drone_101","type":"MISSION_STARTED","lat":28.616491,"lon":77.270495,"battery":51,"ts":1781258949595}
774	{"droneId":"drone_102","type":"REACHED_WAYPOINT","lat":28.693224,"lon":77.254148,"battery":22,"ts":1781258949657}
775	{"droneId":"drone_101","type":"MISSION_COMPLETE","lat":28.666282,"lon":77.223929,"battery":9,"ts":1781258949719}
776	{"droneId":"drone_101","type":"GPS_LOCK","lat":28.661519,"lon":77.202802,"battery":55,"ts":1781258949781}
777	{"droneId":"drone_102","type":"MISSION_COMPLETE","lat":28.627421,"lon":77.273159,"battery":33,"ts":1781258949843}
778	{"droneId":"drone_103","type":"GEOFENCE_BREACH","lat":28.636885,"lon":77.272762,"battery":20,"ts":1781258949906}
779	{"droneId":"drone_101","type":"GEOFENCE_BREACH","lat":28.666067,"lon":77.272419,"battery":1,"ts":1781258949968}
780	{"droneId":"drone_101","type":"MISSION_COMPLETE","lat":28.657125,"lon":77.222511,"battery":87,"ts":1781258950030}
781	{"droneId":"drone_101","type":"GEOFENCE_BREACH","lat":28.684792,"lon":77.250349,"battery":13,"ts":1781258950092}
782	{"droneId":"drone_101","type":"GPS_LOCK","lat":28.63206,"lon":77.229844,"battery":45,"ts":1781258950152}
783	{"droneId":"drone_103","type":"REACHED_WAYPOINT","lat":28.684873,"lon":77.284565,"battery":19,"ts":1781258950215}
784	{"droneId":"drone_103","type":"GPS_LOCK","lat":28.622526,"lon":77.241354,"battery":40,"ts":1781258950278}
785	{"droneId":"drone_104","type":"REACHED_WAYPOINT","lat":28.671458,"lon":77.298968,"battery":54,"ts":1781258950340}
786	{"droneId":"drone_104","type":"ALTITUDE_HOLD","lat":28.692894,"lon":77.230596,"battery":51,"ts":1781258950402}
787	{"droneId":"drone_101","type":"GEOFENCE_BREACH","lat":28.61333,"lon":77.261895,"battery":13,"ts":1781258950463}
788	{"droneId":"drone_101","type":"BATTERY_LOW","lat":28.622905,"lon":77.210176,"battery":35,"ts":1781258950527}
789	{"droneId":"drone_101","type":"MISSION_STARTED","lat":28.697353,"lon":77.267465,"battery":46,"ts":1781258950588}
790	{"droneId":"drone_103","type":"REACHED_WAYPOINT","lat":28.614942,"lon":77.251345,"battery":22,"ts":1781258950650}
791	{"droneId":"drone_103","type":"GEOFENCE_BREACH","lat":28.694878,"lon":77.203234,"battery":55,"ts":1781258950714}
792	{"droneId":"drone_102","type":"MISSION_COMPLETE","lat":28.683527,"lon":77.244726,"battery":45,"ts":1781258950776}
793	{"droneId":"drone_104","type":"RTL_ENGAGED","lat":28.679332,"lon":77.21855,"battery":99,"ts":1781258950838}
794	{"droneId":"drone_103","type":"MISSION_COMPLETE","lat":28.652826,"lon":77.299411,"battery":91,"ts":1781258950901}
795	{"droneId":"drone_102","type":"GPS_LOCK","lat":28.699148,"lon":77.231304,"battery":42,"ts":1781258950963}
796	{"droneId":"drone_101","type":"RTL_ENGAGED","lat":28.625659,"lon":77.202035,"battery":95,"ts":1781258951024}
797	{"droneId":"drone_102","type":"ALTITUDE_HOLD","lat":28.638597,"lon":77.293122,"battery":50,"ts":1781258951086}
798	{"droneId":"drone_102","type":"MISSION_COMPLETE","lat":28.615165,"lon":77.238492,"battery":2,"ts":1781258951149}
799	{"droneId":"drone_103","type":"REACHED_WAYPOINT","lat":28.651943,"lon":77.248127,"battery":61,"ts":1781258951210}
800	{"droneId":"drone_104","type":"REACHED_WAYPOINT","lat":28.686828,"lon":77.219768,"battery":84,"ts":1781258951271}
801	{"droneId":"drone_101","type":"ALTITUDE_HOLD","lat":28.624793,"lon":77.218026,"battery":86,"ts":1781258951334}
802	{"droneId":"drone_102","type":"GPS_LOCK","lat":28.620933,"lon":77.206315,"battery":52,"ts":1781258951396}
803	{"droneId":"drone_101","type":"REACHED_WAYPOINT","lat":28.682859,"lon":77.283495,"battery":95,"ts":1781258951459}
804	{"droneId":"drone_104","type":"GPS_LOCK","lat":28.684203,"lon":77.207122,"battery":78,"ts":1781258951522}
805	{"droneId":"drone_102","type":"MISSION_COMPLETE","lat":28.607888,"lon":77.252568,"battery":23,"ts":1781258951583}
806	{"droneId":"drone_101","type":"MISSION_STARTED","lat":28.643761,"lon":77.238758,"battery":1,"ts":1781258951644}
807	{"droneId":"drone_101","type":"ALTITUDE_HOLD","lat":28.686215,"lon":77.243195,"battery":54,"ts":1781258951707}
808	{"droneId":"drone_104","type":"BATTERY_LOW","lat":28.630379,"lon":77.226118,"battery":73,"ts":1781258951767}
809	{"droneId":"drone_101","type":"MISSION_STARTED","lat":28.623013,"lon":77.227688,"battery":27,"ts":1781258951830}
810	{"droneId":"drone_103","type":"MISSION_STARTED","lat":28.645423,"lon":77.290332,"battery":55,"ts":1781258951893}
811	{"droneId":"drone_102","type":"GEOFENCE_BREACH","lat":28.608274,"lon":77.288357,"battery":8,"ts":1781258951955}
812	{"droneId":"drone_102","type":"GEOFENCE_BREACH","lat":28.634661,"lon":77.200843,"battery":92,"ts":1781258952016}
813	{"droneId":"drone_101","type":"GPS_LOCK","lat":28.620879,"lon":77.23309,"battery":42,"ts":1781258952079}
814	{"droneId":"drone_104","type":"MISSION_COMPLETE","lat":28.684339,"lon":77.292252,"battery":66,"ts":1781258952142}
815	{"droneId":"drone_101","type":"GPS_LOCK","lat":28.606915,"lon":77.237999,"battery":36,"ts":1781258952204}
816	{"droneId":"drone_103","type":"GEOFENCE_BREACH","lat":28.602613,"lon":77.211844,"battery":21,"ts":1781258952266}
817	{"droneId":"drone_101","type":"MISSION_STARTED","lat":28.677271,"lon":77.299767,"battery":27,"ts":1781258952328}
818	{"droneId":"drone_101","type":"MISSION_STARTED","lat":28.649584,"lon":77.228621,"battery":96,"ts":1781258952391}
819	{"droneId":"drone_101","type":"MISSION_STARTED","lat":28.646562,"lon":77.208419,"battery":11,"ts":1781258952453}
820	{"droneId":"drone_102","type":"REACHED_WAYPOINT","lat":28.644414,"lon":77.263527,"battery":56,"ts":1781258952515}
821	{"droneId":"drone_104","type":"BATTERY_LOW","lat":28.631139,"lon":77.234028,"battery":10,"ts":1781258952577}
822	{"droneId":"drone_104","type":"RTL_ENGAGED","lat":28.608036,"lon":77.248117,"battery":36,"ts":1781258952639}
823	{"droneId":"drone_104","type":"MISSION_COMPLETE","lat":28.670494,"lon":77.248596,"battery":5,"ts":1781258952703}
824	{"droneId":"drone_103","type":"REACHED_WAYPOINT","lat":28.631338,"lon":77.238983,"battery":39,"ts":1781258952765}
825	{"droneId":"drone_102","type":"MISSION_COMPLETE","lat":28.686944,"lon":77.200304,"battery":79,"ts":1781258952826}
826	{"droneId":"drone_101","type":"BATTERY_LOW","lat":28.612317,"lon":77.258968,"battery":46,"ts":1781258952890}
827	{"droneId":"drone_101","type":"MISSION_COMPLETE","lat":28.619394,"lon":77.200336,"battery":58,"ts":1781258952952}
828	{"droneId":"drone_104","type":"MISSION_COMPLETE","lat":28.609206,"lon":77.234832,"battery":92,"ts":1781258953014}
829	{"droneId":"drone_104","type":"GEOFENCE_BREACH","lat":28.601381,"lon":77.211031,"battery":4,"ts":1781258953076}
830	{"droneId":"drone_101","type":"GPS_LOCK","lat":28.652908,"lon":77.282577,"battery":63,"ts":1781258953139}
831	{"droneId":"drone_103","type":"BATTERY_LOW","lat":28.610447,"lon":77.278373,"battery":57,"ts":1781258953200}
832	{"droneId":"drone_102","type":"GPS_LOCK","lat":28.614341,"lon":77.206039,"battery":24,"ts":1781258953262}
833	{"droneId":"drone_103","type":"GEOFENCE_BREACH","lat":28.654419,"lon":77.240159,"battery":59,"ts":1781258953324}
834	{"droneId":"drone_104","type":"ALTITUDE_HOLD","lat":28.608776,"lon":77.268074,"battery":66,"ts":1781258953386}
835	{"droneId":"drone_102","type":"BATTERY_LOW","lat":28.624231,"lon":77.273034,"battery":24,"ts":1781258953448}
836	{"droneId":"drone_104","type":"GPS_LOCK","lat":28.635426,"lon":77.210108,"battery":7,"ts":1781258953511}
837	{"droneId":"drone_103","type":"GPS_LOCK","lat":28.637232,"lon":77.27184,"battery":11,"ts":1781258953573}
838	{"droneId":"drone_103","type":"BATTERY_LOW","lat":28.694198,"lon":77.265896,"battery":35,"ts":1781258953636}
839	{"droneId":"drone_101","type":"RTL_ENGAGED","lat":28.677742,"lon":77.293585,"battery":10,"ts":1781258953698}
840	{"droneId":"drone_104","type":"MISSION_COMPLETE","lat":28.656551,"lon":77.226671,"battery":61,"ts":1781258953760}
841	{"droneId":"drone_101","type":"BATTERY_LOW","lat":28.617611,"lon":77.262835,"battery":77,"ts":1781258953823}
842	{"droneId":"drone_101","type":"GEOFENCE_BREACH","lat":28.656534,"lon":77.275705,"battery":35,"ts":1781258953885}
843	{"droneId":"drone_104","type":"ALTITUDE_HOLD","lat":28.624769,"lon":77.236334,"battery":25,"ts":1781258953947}
844	{"droneId":"drone_104","type":"BATTERY_LOW","lat":28.686354,"lon":77.299992,"battery":93,"ts":1781258954011}
845	{"droneId":"drone_104","type":"BATTERY_LOW","lat":28.683391,"lon":77.206512,"battery":25,"ts":1781258954073}
846	{"droneId":"drone_102","type":"BATTERY_LOW","lat":28.614185,"lon":77.244602,"battery":67,"ts":1781258954134}
847	{"droneId":"drone_103","type":"GEOFENCE_BREACH","lat":28.656788,"lon":77.255391,"battery":13,"ts":1781258954196}
848	{"droneId":"drone_104","type":"RTL_ENGAGED","lat":28.607937,"lon":77.255239,"battery":31,"ts":1781258954260}
849	{"droneId":"drone_104","type":"REACHED_WAYPOINT","lat":28.614671,"lon":77.217767,"battery":0,"ts":1781258954322}
850	{"droneId":"drone_103","type":"MISSION_STARTED","lat":28.646246,"lon":77.264383,"battery":64,"ts":1781258954384}
851	{"droneId":"drone_104","type":"RTL_ENGAGED","lat":28.643666,"lon":77.257916,"battery":43,"ts":1781258954446}
852	{"droneId":"drone_101","type":"BATTERY_LOW","lat":28.664174,"lon":77.228525,"battery":81,"ts":1781258954508}
853	{"droneId":"drone_101","type":"ALTITUDE_HOLD","lat":28.619298,"lon":77.28962,"battery":84,"ts":1781258954570}
854	{"droneId":"drone_104","type":"MISSION_COMPLETE","lat":28.685127,"lon":77.290983,"battery":92,"ts":1781258954633}
855	{"droneId":"drone_102","type":"GEOFENCE_BREACH","lat":28.681803,"lon":77.209737,"battery":0,"ts":1781258954694}
856	{"droneId":"drone_104","type":"GPS_LOCK","lat":28.694839,"lon":77.248705,"battery":55,"ts":1781258954756}
857	{"droneId":"drone_103","type":"MISSION_STARTED","lat":28.661145,"lon":77.284474,"battery":99,"ts":1781258954819}
858	{"droneId":"drone_103","type":"REACHED_WAYPOINT","lat":28.620688,"lon":77.286757,"battery":83,"ts":1781258954881}
859	{"droneId":"drone_102","type":"REACHED_WAYPOINT","lat":28.695598,"lon":77.251379,"battery":41,"ts":1781258954945}
860	{"droneId":"drone_101","type":"MISSION_STARTED","lat":28.614549,"lon":77.266294,"battery":78,"ts":1781258955007}
861	{"droneId":"drone_104","type":"MISSION_COMPLETE","lat":28.688477,"lon":77.211187,"battery":55,"ts":1781258955068}
862	{"droneId":"drone_102","type":"MISSION_COMPLETE","lat":28.681421,"lon":77.242811,"battery":67,"ts":1781258955131}
863	{"droneId":"drone_101","type":"MISSION_COMPLETE","lat":28.639147,"lon":77.275627,"battery":60,"ts":1781258955195}
864	{"droneId":"drone_103","type":"MISSION_STARTED","lat":28.680548,"lon":77.26649,"battery":59,"ts":1781258955256}
865	{"droneId":"drone_104","type":"ALTITUDE_HOLD","lat":28.63964,"lon":77.217721,"battery":57,"ts":1781258955318}
866	{"droneId":"drone_102","type":"RTL_ENGAGED","lat":28.632253,"lon":77.25326,"battery":6,"ts":1781258955380}
867	{"droneId":"drone_102","type":"GEOFENCE_BREACH","lat":28.648275,"lon":77.201635,"battery":76,"ts":1781258955443}
868	{"droneId":"drone_101","type":"MISSION_STARTED","lat":28.676903,"lon":77.299144,"battery":61,"ts":1781258955506}
869	{"droneId":"drone_103","type":"BATTERY_LOW","lat":28.698093,"lon":77.252619,"battery":48,"ts":1781258955568}
870	{"droneId":"drone_103","type":"RTL_ENGAGED","lat":28.630083,"lon":77.26818,"battery":51,"ts":1781258955630}
871	{"droneId":"drone_101","type":"ALTITUDE_HOLD","lat":28.636395,"lon":77.231117,"battery":88,"ts":1781258955691}
872	{"droneId":"drone_103","type":"RTL_ENGAGED","lat":28.654997,"lon":77.213859,"battery":46,"ts":1781258955753}
873	{"droneId":"drone_103","type":"RTL_ENGAGED","lat":28.69952,"lon":77.261826,"battery":6,"ts":1781258955815}
874	{"droneId":"drone_104","type":"BATTERY_LOW","lat":28.606669,"lon":77.261962,"battery":65,"ts":1781258955877}
875	{"droneId":"drone_104","type":"ALTITUDE_HOLD","lat":28.655343,"lon":77.276682,"battery":87,"ts":1781258955940}
